"Status","Start Time","Stop Time","Duration in ms","Parent Suite","Suite","Sub Suite","Test Class","Test Method","Name","Description"
"broken","Thu Jan 09 18:56:52 EST 2025","Thu Jan 09 18:56:53 EST 2025","836","Suite","testng","testcases.StackPageTest","testcases.StackPageTest","checkStackPageTryEditorLinkswithInvalidCodeTestforError","checkStackPageTryEditorLinkswithInvalidCodeTestforError",""
"skipped","Sun Jan 12 19:50:30 EST 2025","Sun Jan 12 19:50:30 EST 2025","0","DsAlgo-testngsuite","ChromeTest","testcases.LinkedListPageTest","testcases.LinkedListPageTest","checkListPageTryEditorLinksTest","checkListPageTryEditorLinksTest",""
"passed","Fri Jan 10 20:30:56 EST 2025","Fri Jan 10 20:30:56 EST 2025","370","DsAlgo-testngsuite","testng","testcases.StackPageTest","testcases.StackPageTest","checkStackPageLinksTest","checkStackPageLinksTest",""
"broken","Thu Jan 09 17:55:51 EST 2025","Thu Jan 09 17:55:51 EST 2025","1","Default suite","Default test","testcases.StackPageTest","testcases.StackPageTest","tearDownDriver","tearDownDriver",""
"passed","Sun Jan 12 19:50:40 EST 2025","Sun Jan 12 19:50:41 EST 2025","606","DsAlgo-testngsuite","ChromeTest","testcases.HomePageTest","testcases.HomePageTest","clickGraphLinkTest","clickGraphLinkTest",""
"skipped","Fri Jan 10 17:08:56 EST 2025","Fri Jan 10 17:08:56 EST 2025","7","DsAlgo-testngsuite","testng","testcases.QueuePageTest","testcases.QueuePageTest","checkqueuepageTryEditorLinkswithInvalidCodeTest","checkqueuepageTryEditorLinkswithInvalidCodeTest",""
"passed","Fri Jan 10 10:45:16 EST 2025","Fri Jan 10 10:45:16 EST 2025","420","Default suite","Default test","testcases.StackPageTest","testcases.StackPageTest","checkStackPageLinksTest","checkStackPageLinksTest",""
"passed","Sun Jan 12 20:01:02 EST 2025","Sun Jan 12 20:01:03 EST 2025","1438","DsAlgo-testngsuite","FireFoxTest","testcases.QueuePageTest","testcases.QueuePageTest","checkqueuepageTryEditorLinksTest","checkqueuepageTryEditorLinksTest",""
"passed","Fri Jan 10 20:30:45 EST 2025","Fri Jan 10 20:30:45 EST 2025","610","DsAlgo-testngsuite","testng","testcases.StackPageTest","testcases.StackPageTest","checkStackPageLinksTest","checkStackPageLinksTest",""
"passed","Sun Jan 12 20:30:55 EST 2025","Sun Jan 12 20:30:55 EST 2025","1","DsAlgo-testngsuite","FireFoxTest","testcases.graphtest","testcases.graphtest","checkGraphPageTryEditorLinksTest","checkGraphPageTryEditorLinksTest",""
"passed","Fri Jan 10 20:33:20 EST 2025","Fri Jan 10 20:33:22 EST 2025","2280","DsAlgo-testngsuite","testng","testcases.StackPageTest","testcases.StackPageTest","checkStackPageTryEditorLinkswithValidCodeTest","checkStackPageTryEditorLinkswithValidCodeTest",""
"passed","Sun Jan 12 19:55:13 EST 2025","Sun Jan 12 19:55:13 EST 2025","636","DsAlgo-testngsuite","ChromeTest","testcases.QueuePageTest","testcases.QueuePageTest","checkqueuepageLinksTest","checkqueuepageLinksTest",""
"passed","Sun Jan 12 20:02:22 EST 2025","Sun Jan 12 20:02:24 EST 2025","1938","DsAlgo-testngsuite","FireFoxTest","testcases.QueuePageTest","testcases.QueuePageTest","checkqueuepageTryEditorLinkswithInvalidCodeTestforError","checkqueuepageTryEditorLinkswithInvalidCodeTestforError",""
"broken","Thu Jan 09 18:56:47 EST 2025","Thu Jan 09 18:56:48 EST 2025","935","Suite","testng","testcases.StackPageTest","testcases.StackPageTest","checkStackPageTryEditorLinkswithInvalidCodeTest","checkStackPageTryEditorLinkswithInvalidCodeTest",""
"passed","Fri Jan 10 10:53:25 EST 2025","Fri Jan 10 10:53:26 EST 2025","1378","Default suite","Default test","testcases.StackPageTest","testcases.StackPageTest","checkStackPageTryEditorLinksTest","checkStackPageTryEditorLinksTest",""
"passed","Fri Jan 10 20:57:25 EST 2025","Fri Jan 10 20:57:28 EST 2025","2234","Surefire suite","Surefire test","testcases.StackPageTest","testcases.StackPageTest","checkStackPageTryEditorLinksTest","checkStackPageTryEditorLinksTest",""
"passed","Fri Jan 10 20:57:18 EST 2025","Fri Jan 10 20:57:19 EST 2025","1512","Surefire suite","Surefire test","testcases.StackPageTest","testcases.StackPageTest","checkStackPageTryEditorLinksTest","checkStackPageTryEditorLinksTest",""
"passed","Fri Jan 10 17:00:10 EST 2025","Fri Jan 10 17:00:10 EST 2025","357","Default suite","Default test","testcases.QueuePageTest","testcases.QueuePageTest","checkqueuepageLinksTest1","checkqueuepageLinksTest1",""
"passed","Sun Jan 12 20:04:06 EST 2025","Sun Jan 12 20:04:06 EST 2025","2","DsAlgo-testngsuite","FireFoxTest","testcases.QueuePageTest","testcases.QueuePageTest","checkqueuepageTryEditorLinkswithValidCodeTest","checkqueuepageTryEditorLinkswithValidCodeTest",""
"broken","Thu Jan 09 19:04:39 EST 2025","Thu Jan 09 19:04:40 EST 2025","1013","Default suite","Default test","testcases.StackPageTest","testcases.StackPageTest","checkStackPageTryEditorLinkswithValidCodeTest","checkStackPageTryEditorLinkswithValidCodeTest",""
"passed","Sun Jan 12 20:01:33 EST 2025","Sun Jan 12 20:01:35 EST 2025","1844","DsAlgo-testngsuite","FireFoxTest","testcases.QueuePageTest","testcases.QueuePageTest","checkqueuepageTryEditorLinkswithInvalidCodeTest","checkqueuepageTryEditorLinkswithInvalidCodeTest",""
"passed","Fri Jan 10 17:00:19 EST 2025","Fri Jan 10 17:00:19 EST 2025","384","Default suite","Default test","testcases.QueuePageTest","testcases.QueuePageTest","checkqueuepageLinksTest1","checkqueuepageLinksTest1",""
"passed","Sun Jan 12 20:32:35 EST 2025","Sun Jan 12 20:32:35 EST 2025","2","DsAlgo-testngsuite","FireFoxTest","testcases.graphtest","testcases.graphtest","checkGraphPageTryEditorLinkswithValidCodeTest","checkGraphPageTryEditorLinkswithValidCodeTest",""
"passed","Fri Jan 10 20:55:15 EST 2025","Fri Jan 10 20:55:16 EST 2025","1420","Surefire suite","Surefire test","testcases.QueuePageTest","testcases.QueuePageTest","checkqueuepageTryEditorLinkswithInvalidCodeTest","checkqueuepageTryEditorLinkswithInvalidCodeTest",""
"passed","Sun Jan 12 22:12:29 EST 2025","Sun Jan 12 22:12:29 EST 2025","1","DsAlgo-testngsuite","ChromeTest","testcases.graphtest","testcases.graphtest","checkGraphPageTryEditorLinkswithInvalidCodeTest","checkGraphPageTryEditorLinkswithInvalidCodeTest",""
"passed","Sun Jan 12 19:57:37 EST 2025","Sun Jan 12 19:57:40 EST 2025","2081","DsAlgo-testngsuite","ChromeTest","testcases.QueuePageTest","testcases.QueuePageTest","checkqueuepageTryEditorLinkswithInvalidCodeTestforError","checkqueuepageTryEditorLinkswithInvalidCodeTestforError",""
"passed","Sun Jan 12 19:51:09 EST 2025","Sun Jan 12 19:51:10 EST 2025","323","DsAlgo-testngsuite","ChromeTest","testcases.HomePageTest","testcases.HomePageTest","clickStackLinkTest","clickStackLinkTest",""
"passed","Sun Jan 12 22:12:25 EST 2025","Sun Jan 12 22:12:25 EST 2025","1","DsAlgo-testngsuite","ChromeTest","testcases.graphtest","testcases.graphtest","checkGraphPageTryEditorLinkswithInvalidCodeTest","checkGraphPageTryEditorLinkswithInvalidCodeTest",""
"passed","Fri Jan 10 16:43:15 EST 2025","Fri Jan 10 16:43:15 EST 2025","316","Default suite","Default test","testcases.StackPageTest","testcases.StackPageTest","checkStackPageLinksTest1","checkStackPageLinksTest1",""
"skipped","Sun Jan 12 19:50:30 EST 2025","Sun Jan 12 19:50:30 EST 2025","25","DsAlgo-testngsuite","ChromeTest","testcases.LinkedListPageTest","testcases.LinkedListPageTest","checkListPageLinksTest","checkListPageLinksTest",""
"passed","Sun Jan 12 22:14:18 EST 2025","Sun Jan 12 22:14:18 EST 2025","1","DsAlgo-testngsuite","EdgeTest","testcases.graphtest","testcases.graphtest","checkGraphPageTryEditorLinksTest","checkGraphPageTryEditorLinksTest",""
"passed","Thu Jan 09 19:04:32 EST 2025","Thu Jan 09 19:04:34 EST 2025","2033","Default suite","Default test","testcases.StackPageTest","testcases.StackPageTest","checkStackPageTryEditorLinkswithValidCodeTest","checkStackPageTryEditorLinkswithValidCodeTest",""
"passed","Sun Jan 12 22:14:09 EST 2025","Sun Jan 12 22:14:10 EST 2025","1471","DsAlgo-testngsuite","EdgeTest","testcases.graphtest","testcases.graphtest","checkGraphPageTryEditorLinksTest","checkGraphPageTryEditorLinksTest",""
"skipped","Sun Jan 12 19:50:30 EST 2025","Sun Jan 12 19:50:30 EST 2025","1","DsAlgo-testngsuite","ChromeTest","testcases.dataStructuresIntroPage","testcases.dataStructuresIntroPage","checkListPageTryEditorLinksTest","checkListPageTryEditorLinksTest",""
"passed","Sun Jan 12 19:59:08 EST 2025","Sun Jan 12 19:59:13 EST 2025","4276","DsAlgo-testngsuite","ChromeTest","testcases.QueuePageTest","testcases.QueuePageTest","checkqueuepageTryEditorLinkswithValidCodeTest","checkqueuepageTryEditorLinkswithValidCodeTest",""
"skipped","Sun Jan 12 22:28:33 EST 2025","Sun Jan 12 22:28:33 EST 2025","1","Default suite","Default test","testcases.StackPageTest","testcases.StackPageTest","checkStackPageTryEditorLinkswithInvalidCodeTestforError","checkStackPageTryEditorLinkswithInvalidCodeTestforError",""
"passed","Sun Jan 12 22:15:42 EST 2025","Sun Jan 12 22:15:44 EST 2025","1705","DsAlgo-testngsuite","EdgeTest","testcases.graphtest","testcases.graphtest","checkGraphPageTryEditorLinkswithValidCodeTest","checkGraphPageTryEditorLinkswithValidCodeTest",""
"passed","Sun Jan 12 20:01:54 EST 2025","Sun Jan 12 20:01:54 EST 2025","2","DsAlgo-testngsuite","FireFoxTest","testcases.QueuePageTest","testcases.QueuePageTest","checkqueuepageTryEditorLinkswithInvalidCodeTest","checkqueuepageTryEditorLinkswithInvalidCodeTest",""
"passed","Sun Jan 12 19:49:35 EST 2025","Sun Jan 12 19:49:36 EST 2025","700","Default suite","Default test","testcases.StackPageTest","testcases.StackPageTest","checkStackPageLinksTest","checkStackPageLinksTest",""
"skipped","Sun Jan 12 22:28:33 EST 2025","Sun Jan 12 22:28:33 EST 2025","1","Default suite","Default test","testcases.StackPageTest","testcases.StackPageTest","checkStackPageLinksTest","checkStackPageLinksTest",""
"passed","Fri Jan 10 20:31:55 EST 2025","Fri Jan 10 20:31:57 EST 2025","2347","DsAlgo-testngsuite","testng","testcases.StackPageTest","testcases.StackPageTest","checkStackPageTryEditorLinkswithInvalidCodeTest","checkStackPageTryEditorLinkswithInvalidCodeTest",""
"passed","Fri Jan 10 20:32:17 EST 2025","Fri Jan 10 20:32:17 EST 2025","1","DsAlgo-testngsuite","testng","testcases.StackPageTest","testcases.StackPageTest","checkStackPageTryEditorLinkswithInvalidCodeTest","checkStackPageTryEditorLinkswithInvalidCodeTest",""
"passed","Fri Jan 10 20:32:09 EST 2025","Fri Jan 10 20:32:11 EST 2025","1925","DsAlgo-testngsuite","testng","testcases.StackPageTest","testcases.StackPageTest","checkStackPageTryEditorLinkswithInvalidCodeTest","checkStackPageTryEditorLinkswithInvalidCodeTest",""
"skipped","Fri Jan 10 17:08:57 EST 2025","Fri Jan 10 17:08:57 EST 2025","2","DsAlgo-testngsuite","testng","testcases.QueuePageTest","testcases.QueuePageTest","checkqueuepageTryEditorLinksTest","checkqueuepageTryEditorLinksTest",""
"broken","Thu Jan 09 18:56:59 EST 2025","Thu Jan 09 18:57:00 EST 2025","751","Suite","testng","testcases.StackPageTest","testcases.StackPageTest","checkStackPageTryEditorLinkswithNoScriptsTest","checkStackPageTryEditorLinkswithNoScriptsTest",""
"skipped","Sun Jan 12 19:50:30 EST 2025","Sun Jan 12 19:50:30 EST 2025","1","DsAlgo-testngsuite","ChromeTest","testcases.StackPageTest","testcases.StackPageTest","checkStackPageTryEditorLinkswithInvalidCodeTest","checkStackPageTryEditorLinkswithInvalidCodeTest",""
"broken","Thu Jan 09 17:17:54 EST 2025","Thu Jan 09 17:17:54 EST 2025","19","Default suite","Default test","testcases.HomePageTest","testcases.HomePageTest","InitialSetUp","InitialSetUp",""
"broken","Fri Jan 10 20:55:26 EST 2025","Fri Jan 10 20:55:27 EST 2025","1370","Surefire suite","Surefire test","testcases.QueuePageTest","testcases.QueuePageTest","checkqueuepageTryEditorLinkswithInvalidCodeTest","checkqueuepageTryEditorLinkswithInvalidCodeTest",""
"skipped","Sun Jan 12 19:50:30 EST 2025","Sun Jan 12 19:50:30 EST 2025","1","DsAlgo-testngsuite","ChromeTest","testcases.LinkedListPageTest","testcases.LinkedListPageTest","checkListPageTryEditorLinkswithInvalidCodeTestforError","checkListPageTryEditorLinkswithInvalidCodeTestforError",""
"skipped","Fri Jan 10 17:08:55 EST 2025","Fri Jan 10 17:08:55 EST 2025","8","DsAlgo-testngsuite","testng","testcases.QueuePageTest","testcases.QueuePageTest","checkqueuepageTryEditorLinkswithValidCodeTest","checkqueuepageTryEditorLinkswithValidCodeTest",""
"skipped","Sun Jan 12 19:50:30 EST 2025","Sun Jan 12 19:50:30 EST 2025","0","DsAlgo-testngsuite","ChromeTest","testcases.dataStructuresIntroPage","testcases.dataStructuresIntroPage","checkListPageTryEditorLinkswithValidCodeTest","checkListPageTryEditorLinkswithValidCodeTest",""
"passed","Sun Jan 12 22:13:02 EST 2025","Sun Jan 12 22:13:02 EST 2025","1","DsAlgo-testngsuite","ChromeTest","testcases.graphtest","testcases.graphtest","checkGraphPageTryEditorLinkswithNoScriptsTest","checkGraphPageTryEditorLinkswithNoScriptsTest",""
"passed","Sun Jan 12 22:15:16 EST 2025","Sun Jan 12 22:15:17 EST 2025","1358","DsAlgo-testngsuite","EdgeTest","testcases.graphtest","testcases.graphtest","checkGraphPageTryEditorLinkswithNoScriptsTest","checkGraphPageTryEditorLinkswithNoScriptsTest",""
"passed","Sun Jan 12 22:13:34 EST 2025","Sun Jan 12 22:13:34 EST 2025","488","DsAlgo-testngsuite","EdgeTest","testcases.graphtest","testcases.graphtest","checkGraphPageLinksTest","checkGraphPageLinksTest",""
"skipped","Sun Jan 12 22:08:15 EST 2025","Sun Jan 12 22:08:15 EST 2025","2","DsAlgo-testngsuite","EdgeTest","testcases.graphtest","testcases.graphtest","checkGraphPageTryEditorLinksTest","checkGraphPageTryEditorLinksTest",""
"passed","Sun Jan 12 22:15:25 EST 2025","Sun Jan 12 22:15:27 EST 2025","1318","DsAlgo-testngsuite","EdgeTest","testcases.graphtest","testcases.graphtest","checkGraphPageTryEditorLinkswithNoScriptsTest","checkGraphPageTryEditorLinkswithNoScriptsTest",""
"skipped","Sun Jan 12 19:50:30 EST 2025","Sun Jan 12 19:50:30 EST 2025","0","DsAlgo-testngsuite","ChromeTest","testcases.LinkedListPageTest","testcases.LinkedListPageTest","checkListPageTryEditorLinkswithNoScriptsTest","checkListPageTryEditorLinkswithNoScriptsTest",""
"failed","Sun Jan 12 19:23:48 EST 2025","Sun Jan 12 19:23:49 EST 2025","211","Default suite","Default test","testcases.StackPageTest","testcases.StackPageTest","checkStackPageTryEditorLinkswithInvalidCodeTest","checkStackPageTryEditorLinkswithInvalidCodeTest",""
"passed","Sun Jan 12 22:00:07 EST 2025","Sun Jan 12 22:00:08 EST 2025","295","DsAlgo-testngsuite","FireFoxTest","testcases.graphtest","testcases.graphtest","checkGraphPageLinksTest","checkGraphPageLinksTest",""
"skipped","Sun Jan 12 22:28:33 EST 2025","Sun Jan 12 22:28:33 EST 2025","1","Default suite","Default test","testcases.StackPageTest","testcases.StackPageTest","checkStackPageTryEditorLinksTest","checkStackPageTryEditorLinksTest",""
"skipped","Sun Jan 12 21:48:04 EST 2025","Sun Jan 12 21:48:04 EST 2025","2","DsAlgo-testngsuite","FireFoxTest","testcases.graphtest","testcases.graphtest","checkGraphPageTryEditorLinksTest","checkGraphPageTryEditorLinksTest",""
"passed","Fri Jan 10 20:33:35 EST 2025","Fri Jan 10 20:33:35 EST 2025","2","DsAlgo-testngsuite","testng","testcases.StackPageTest","testcases.StackPageTest","checkStackPageTryEditorLinkswithValidCodeTest","checkStackPageTryEditorLinkswithValidCodeTest",""
"passed","Fri Jan 10 20:54:00 EST 2025","Fri Jan 10 20:54:01 EST 2025","873","Surefire suite","Surefire test","testcases.HomePageTest","testcases.HomePageTest","clickQueueDropDownTest","clickQueueDropDownTest",""
"skipped","Sun Jan 12 20:26:51 EST 2025","Sun Jan 12 20:26:51 EST 2025","0","DsAlgo-testngsuite","ChromeTest","testcases.graphtest","testcases.graphtest","checkGraphPageTryEditorLinkswithInvalidCodeTestforError","checkGraphPageTryEditorLinkswithInvalidCodeTestforError",""
"broken","Fri Jan 10 17:08:57 EST 2025","Fri Jan 10 17:08:57 EST 2025","0","DsAlgo-testngsuite","testng","testcases.QueuePageTest","testcases.QueuePageTest","BackgroundSetUp","BackgroundSetUp",""
"broken","Thu Jan 09 19:04:44 EST 2025","Thu Jan 09 19:04:45 EST 2025","1270","Default suite","Default test","testcases.StackPageTest","testcases.StackPageTest","checkStackPageTryEditorLinkswithValidCodeTest","checkStackPageTryEditorLinkswithValidCodeTest",""
"passed","Sun Jan 12 23:03:14 EST 2025","Sun Jan 12 23:03:15 EST 2025","356","Default suite","Default test","testcases.graphtest","testcases.graphtest","checkGraphPageLinksTest","checkGraphPageLinksTest",""
"passed","Fri Jan 10 20:58:47 EST 2025","Fri Jan 10 20:58:48 EST 2025","1575","Surefire suite","Surefire test","testcases.StackPageTest","testcases.StackPageTest","checkStackPageTryEditorLinkswithValidCodeTest","checkStackPageTryEditorLinkswithValidCodeTest",""
"skipped","Fri Jan 10 17:09:03 EST 2025","Fri Jan 10 17:09:03 EST 2025","1","DsAlgo-testngsuite","testng","testcases.QueuePageTest","testcases.QueuePageTest","checkqueuepageTryEditorLinkswithInvalidCodeTestforError","checkqueuepageTryEditorLinkswithInvalidCodeTestforError",""
"skipped","Sun Jan 12 19:50:30 EST 2025","Sun Jan 12 19:50:30 EST 2025","1","DsAlgo-testngsuite","ChromeTest","testcases.arraytest","testcases.arraytest","checkArrayPageTryEditorLinkswithInvalidCodeTest","checkArrayPageTryEditorLinkswithInvalidCodeTest",""
"broken","Sun Jan 12 22:28:32 EST 2025","Sun Jan 12 22:28:32 EST 2025","6","Default suite","Default test","testcases.StackPageTest","testcases.StackPageTest","BackgroundSetUp","BackgroundSetUp",""
"passed","Sun Jan 12 20:32:16 EST 2025","Sun Jan 12 20:32:19 EST 2025","2327","DsAlgo-testngsuite","FireFoxTest","testcases.graphtest","testcases.graphtest","checkGraphPageTryEditorLinkswithValidCodeTest","checkGraphPageTryEditorLinkswithValidCodeTest",""
"skipped","Sun Jan 12 22:28:33 EST 2025","Sun Jan 12 22:28:33 EST 2025","0","Default suite","Default test","testcases.StackPageTest","testcases.StackPageTest","checkStackPageTryEditorLinkswithValidCodeTest","checkStackPageTryEditorLinkswithValidCodeTest",""
"passed","Sun Jan 12 22:00:16 EST 2025","Sun Jan 12 22:00:16 EST 2025","457","DsAlgo-testngsuite","FireFoxTest","testcases.graphtest","testcases.graphtest","checkGraphPageLinksTest","checkGraphPageLinksTest",""
"passed","Sun Jan 12 22:15:08 EST 2025","Sun Jan 12 22:15:08 EST 2025","1","DsAlgo-testngsuite","EdgeTest","testcases.graphtest","testcases.graphtest","checkGraphPageTryEditorLinkswithInvalidCodeTestforError","checkGraphPageTryEditorLinkswithInvalidCodeTestforError",""
"skipped","Sun Jan 12 21:48:04 EST 2025","Sun Jan 12 21:48:04 EST 2025","1","DsAlgo-testngsuite","FireFoxTest","testcases.graphtest","testcases.graphtest","checkGraphPageTryEditorLinkswithInvalidCodeTestforError","checkGraphPageTryEditorLinkswithInvalidCodeTestforError",""
"passed","Fri Jan 10 20:54:46 EST 2025","Fri Jan 10 20:54:47 EST 2025","1045","Surefire suite","Surefire test","testcases.QueuePageTest","testcases.QueuePageTest","checkqueuepageTryEditorLinksTest","checkqueuepageTryEditorLinksTest",""
"passed","Sun Jan 12 23:03:19 EST 2025","Sun Jan 12 23:03:19 EST 2025","364","Default suite","Default test","testcases.graphtest","testcases.graphtest","checkGraphPageLinksTest","checkGraphPageLinksTest",""
"passed","Fri Jan 10 10:50:30 EST 2025","Fri Jan 10 10:50:31 EST 2025","570","Default suite","Default test","testcases.StackPageTest","testcases.StackPageTest","checkStackPageLinksTest","checkStackPageLinksTest",""
"passed","Fri Jan 10 20:32:43 EST 2025","Fri Jan 10 20:32:43 EST 2025","2","DsAlgo-testngsuite","testng","testcases.StackPageTest","testcases.StackPageTest","checkStackPageTryEditorLinkswithInvalidCodeTestforError","checkStackPageTryEditorLinkswithInvalidCodeTestforError",""
"skipped","Sun Jan 12 20:26:51 EST 2025","Sun Jan 12 20:26:51 EST 2025","0","DsAlgo-testngsuite","ChromeTest","testcases.graphtest","testcases.graphtest","checkGraphPageTryEditorLinkswithInvalidCodeTest","checkGraphPageTryEditorLinkswithInvalidCodeTest",""
"skipped","Sun Jan 12 22:07:54 EST 2025","Sun Jan 12 22:07:54 EST 2025","11","DsAlgo-testngsuite","EdgeTest","testcases.graphtest","testcases.graphtest","checkGraphPageTryEditorLinkswithNoScriptsTest","checkGraphPageTryEditorLinkswithNoScriptsTest",""
"passed","Sun Jan 12 22:14:00 EST 2025","Sun Jan 12 22:14:01 EST 2025","1283","DsAlgo-testngsuite","EdgeTest","testcases.graphtest","testcases.graphtest","checkGraphPageTryEditorLinksTest","checkGraphPageTryEditorLinksTest",""
"passed","Fri Jan 10 20:56:41 EST 2025","Fri Jan 10 20:56:43 EST 2025","1589","Surefire suite","Surefire test","testcases.QueuePageTest","testcases.QueuePageTest","checkqueuepageTryEditorLinkswithValidCodeTest","checkqueuepageTryEditorLinkswithValidCodeTest",""
"passed","Sun Jan 12 22:12:46 EST 2025","Sun Jan 12 22:12:46 EST 2025","1","DsAlgo-testngsuite","ChromeTest","testcases.graphtest","testcases.graphtest","checkGraphPageTryEditorLinkswithInvalidCodeTestforError","checkGraphPageTryEditorLinkswithInvalidCodeTestforError",""
"passed","Sun Jan 12 20:32:26 EST 2025","Sun Jan 12 20:32:29 EST 2025","2188","DsAlgo-testngsuite","FireFoxTest","testcases.graphtest","testcases.graphtest","checkGraphPageTryEditorLinkswithValidCodeTest","checkGraphPageTryEditorLinkswithValidCodeTest",""
"passed","Fri Jan 10 20:56:25 EST 2025","Fri Jan 10 20:56:26 EST 2025","1342","Surefire suite","Surefire test","testcases.QueuePageTest","testcases.QueuePageTest","checkqueuepageTryEditorLinkswithValidCodeTest","checkqueuepageTryEditorLinkswithValidCodeTest",""
"passed","Sun Jan 12 19:58:07 EST 2025","Sun Jan 12 19:58:07 EST 2025","2","DsAlgo-testngsuite","ChromeTest","testcases.QueuePageTest","testcases.QueuePageTest","checkqueuepageTryEditorLinkswithInvalidCodeTestforError","checkqueuepageTryEditorLinkswithInvalidCodeTestforError",""
"skipped","Sun Jan 12 22:07:54 EST 2025","Sun Jan 12 22:07:54 EST 2025","11","DsAlgo-testngsuite","EdgeTest","testcases.graphtest","testcases.graphtest","checkGraphPageTryEditorLinkswithInvalidCodeTest","checkGraphPageTryEditorLinkswithInvalidCodeTest",""
"broken","Sun Jan 12 22:12:40 EST 2025","Sun Jan 12 22:12:41 EST 2025","1412","DsAlgo-testngsuite","ChromeTest","testcases.graphtest","testcases.graphtest","checkGraphPageTryEditorLinkswithInvalidCodeTestforError","checkGraphPageTryEditorLinkswithInvalidCodeTestforError",""
"passed","Sun Jan 12 22:16:01 EST 2025","Sun Jan 12 22:16:01 EST 2025","2","DsAlgo-testngsuite","EdgeTest","testcases.graphtest","testcases.graphtest","checkGraphPageTryEditorLinkswithValidCodeTest","checkGraphPageTryEditorLinkswithValidCodeTest",""
"skipped","Sun Jan 12 22:08:05 EST 2025","Sun Jan 12 22:08:05 EST 2025","3","DsAlgo-testngsuite","EdgeTest","testcases.graphtest","testcases.graphtest","checkGraphPageTryEditorLinkswithValidCodeTest","checkGraphPageTryEditorLinkswithValidCodeTest",""
"passed","Fri Jan 10 16:51:42 EST 2025","Fri Jan 10 16:51:42 EST 2025","321","Suite","testng","testcases.StackPageTest","testcases.StackPageTest","checkStackPageLinksTest1","checkStackPageLinksTest1",""
"passed","Fri Jan 10 16:51:51 EST 2025","Fri Jan 10 16:51:51 EST 2025","443","Suite","testng","testcases.StackPageTest","testcases.StackPageTest","checkStackPageLinksTest1","checkStackPageLinksTest1",""
"passed","Sun Jan 12 19:58:14 EST 2025","Sun Jan 12 19:58:16 EST 2025","1660","DsAlgo-testngsuite","ChromeTest","testcases.QueuePageTest","testcases.QueuePageTest","checkqueuepageTryEditorLinkswithNoScriptsTest","checkqueuepageTryEditorLinkswithNoScriptsTest",""
"passed","Fri Jan 10 20:58:18 EST 2025","Fri Jan 10 20:58:19 EST 2025","1205","Surefire suite","Surefire test","testcases.StackPageTest","testcases.StackPageTest","checkStackPageTryEditorLinkswithNoScriptsTest","checkStackPageTryEditorLinkswithNoScriptsTest",""
"passed","Fri Jan 10 20:54:13 EST 2025","Fri Jan 10 20:54:14 EST 2025","307","Surefire suite","Surefire test","testcases.QueuePageTest","testcases.QueuePageTest","checkqueuepageLinksTest","checkqueuepageLinksTest",""
"passed","Sun Jan 12 19:58:42 EST 2025","Sun Jan 12 19:58:44 EST 2025","1726","DsAlgo-testngsuite","ChromeTest","testcases.QueuePageTest","testcases.QueuePageTest","checkqueuepageTryEditorLinkswithNoScriptsTest","checkqueuepageTryEditorLinkswithNoScriptsTest",""
"broken","Fri Jan 10 11:04:02 EST 2025","Fri Jan 10 11:04:03 EST 2025","1186","Default suite","Default test","testcases.StackPageTest","testcases.StackPageTest","checkStackPageTryEditorLinkswithInvalidCodeTestforError1","checkStackPageTryEditorLinkswithInvalidCodeTestforError1",""
"passed","Fri Jan 10 20:55:01 EST 2025","Fri Jan 10 20:55:02 EST 2025","1011","Surefire suite","Surefire test","testcases.QueuePageTest","testcases.QueuePageTest","checkqueuepageTryEditorLinksTest","checkqueuepageTryEditorLinksTest",""
"passed","Sun Jan 12 19:57:47 EST 2025","Sun Jan 12 19:57:49 EST 2025","2277","DsAlgo-testngsuite","ChromeTest","testcases.QueuePageTest","testcases.QueuePageTest","checkqueuepageTryEditorLinkswithInvalidCodeTestforError","checkqueuepageTryEditorLinkswithInvalidCodeTestforError",""
"skipped","Sun Jan 12 21:48:03 EST 2025","Sun Jan 12 21:48:03 EST 2025","1","DsAlgo-testngsuite","FireFoxTest","testcases.graphtest","testcases.graphtest","checkGraphPageLinksTest","checkGraphPageLinksTest",""
"failed","Sun Jan 12 22:00:24 EST 2025","Sun Jan 12 22:00:35 EST 2025","10733","DsAlgo-testngsuite","FireFoxTest","testcases.graphtest","testcases.graphtest","checkGraphPageLinksTest","checkGraphPageLinksTest",""
"passed","Fri Jan 10 20:58:33 EST 2025","Fri Jan 10 20:58:33 EST 2025","0","Surefire suite","Surefire test","testcases.StackPageTest","testcases.StackPageTest","checkStackPageTryEditorLinkswithNoScriptsTest","checkStackPageTryEditorLinkswithNoScriptsTest",""
"passed","Fri Jan 10 20:33:01 EST 2025","Fri Jan 10 20:33:03 EST 2025","1702","DsAlgo-testngsuite","testng","testcases.StackPageTest","testcases.StackPageTest","checkStackPageTryEditorLinkswithNoScriptsTest","checkStackPageTryEditorLinkswithNoScriptsTest",""
"skipped","Fri Jan 10 16:59:37 EST 2025","Fri Jan 10 16:59:37 EST 2025","1","Default suite","Default test","testcases.QueuePageTest","testcases.QueuePageTest","checkqueuepageTryEditorLinkswithNoScriptsTest","checkqueuepageTryEditorLinkswithNoScriptsTest",""
"passed","Fri Jan 10 20:56:11 EST 2025","Fri Jan 10 20:56:13 EST 2025","1350","Surefire suite","Surefire test","testcases.QueuePageTest","testcases.QueuePageTest","checkqueuepageTryEditorLinkswithNoScriptsTest","checkqueuepageTryEditorLinkswithNoScriptsTest",""
"broken","Fri Jan 10 11:04:07 EST 2025","Fri Jan 10 11:04:09 EST 2025","1492","Default suite","Default test","testcases.StackPageTest","testcases.StackPageTest","checkStackPageTryEditorLinkswithInvalidCodeTestforError1","checkStackPageTryEditorLinkswithInvalidCodeTestforError1",""
"broken","Sun Jan 12 20:31:20 EST 2025","Sun Jan 12 20:31:24 EST 2025","4109","DsAlgo-testngsuite","FireFoxTest","testcases.graphtest","testcases.graphtest","checkGraphPageTryEditorLinkswithInvalidCodeTestforError","checkGraphPageTryEditorLinkswithInvalidCodeTestforError",""
"passed","Sun Jan 12 20:31:01 EST 2025","Sun Jan 12 20:31:01 EST 2025","1","DsAlgo-testngsuite","FireFoxTest","testcases.graphtest","testcases.graphtest","checkGraphPageTryEditorLinkswithInvalidCodeTest","checkGraphPageTryEditorLinkswithInvalidCodeTest",""
"failed","Sun Jan 12 19:57:56 EST 2025","Sun Jan 12 19:57:58 EST 2025","2145","DsAlgo-testngsuite","ChromeTest","testcases.QueuePageTest","testcases.QueuePageTest","checkqueuepageTryEditorLinkswithInvalidCodeTestforError","checkqueuepageTryEditorLinkswithInvalidCodeTestforError",""
"passed","Sun Jan 12 19:55:19 EST 2025","Sun Jan 12 19:55:20 EST 2025","484","DsAlgo-testngsuite","ChromeTest","testcases.QueuePageTest","testcases.QueuePageTest","checkqueuepageLinksTest","checkqueuepageLinksTest",""
"passed","Sun Jan 12 19:59:49 EST 2025","Sun Jan 12 19:59:50 EST 2025","675","DsAlgo-testngsuite","FireFoxTest","testcases.QueuePageTest","testcases.QueuePageTest","checkqueuepageLinksTest","checkqueuepageLinksTest",""
"passed","Sun Jan 12 22:13:26 EST 2025","Sun Jan 12 22:13:26 EST 2025","421","DsAlgo-testngsuite","EdgeTest","testcases.graphtest","testcases.graphtest","checkGraphPageLinksTest","checkGraphPageLinksTest",""
"passed","Sun Jan 12 20:03:39 EST 2025","Sun Jan 12 20:03:40 EST 2025","1473","DsAlgo-testngsuite","FireFoxTest","testcases.QueuePageTest","testcases.QueuePageTest","checkqueuepageTryEditorLinkswithValidCodeTest","checkqueuepageTryEditorLinkswithValidCodeTest",""
"passed","Fri Jan 10 20:55:46 EST 2025","Fri Jan 10 20:55:48 EST 2025","1904","Surefire suite","Surefire test","testcases.QueuePageTest","testcases.QueuePageTest","checkqueuepageTryEditorLinkswithInvalidCodeTestforError","checkqueuepageTryEditorLinkswithInvalidCodeTestforError",""
"passed","Fri Jan 10 20:33:13 EST 2025","Fri Jan 10 20:33:15 EST 2025","2155","DsAlgo-testngsuite","testng","testcases.StackPageTest","testcases.StackPageTest","checkStackPageTryEditorLinkswithValidCodeTest","checkStackPageTryEditorLinkswithValidCodeTest",""
"skipped","Sun Jan 12 22:28:33 EST 2025","Sun Jan 12 22:28:33 EST 2025","2","Default suite","Default test","testcases.StackPageTest","testcases.StackPageTest","checkStackPageTryEditorLinkswithInvalidCodeTest","checkStackPageTryEditorLinkswithInvalidCodeTest",""
"skipped","Sun Jan 12 21:49:40 EST 2025","Sun Jan 12 21:49:40 EST 2025","4","Default suite","Default test","testcases.graphtest","testcases.graphtest","checkGraphPageLinksTest","checkGraphPageLinksTest",""
"passed","Fri Jan 10 17:00:05 EST 2025","Fri Jan 10 17:00:05 EST 2025","318","Default suite","Default test","testcases.QueuePageTest","testcases.QueuePageTest","checkqueuepageLinksTest1","checkqueuepageLinksTest1",""
"passed","Fri Jan 10 10:54:02 EST 2025","Fri Jan 10 10:54:03 EST 2025","1806","Default suite","Default test","testcases.StackPageTest","testcases.StackPageTest","checkStackPageTryEditorLinkswithInvalidCodeTestforError","checkStackPageTryEditorLinkswithInvalidCodeTestforError",""
"passed","Sun Jan 12 22:14:33 EST 2025","Sun Jan 12 22:14:33 EST 2025","1","DsAlgo-testngsuite","EdgeTest","testcases.graphtest","testcases.graphtest","checkGraphPageTryEditorLinkswithInvalidCodeTest","checkGraphPageTryEditorLinkswithInvalidCodeTest",""
"passed","Fri Jan 10 20:56:17 EST 2025","Fri Jan 10 20:56:18 EST 2025","1157","Surefire suite","Surefire test","testcases.QueuePageTest","testcases.QueuePageTest","checkqueuepageTryEditorLinkswithNoScriptsTest","checkqueuepageTryEditorLinkswithNoScriptsTest",""
"passed","Sun Jan 12 19:51:21 EST 2025","Sun Jan 12 19:51:22 EST 2025","794","DsAlgo-testngsuite","ChromeTest","testcases.HomePageTest","testcases.HomePageTest","clickTreeDropDownTest","clickTreeDropDownTest",""
"passed","Sun Jan 12 19:55:25 EST 2025","Sun Jan 12 19:55:26 EST 2025","347","DsAlgo-testngsuite","ChromeTest","testcases.QueuePageTest","testcases.QueuePageTest","checkqueuepageLinksTest","checkqueuepageLinksTest",""
"passed","Fri Jan 10 20:55:31 EST 2025","Fri Jan 10 20:55:31 EST 2025","1","Surefire suite","Surefire test","testcases.QueuePageTest","testcases.QueuePageTest","checkqueuepageTryEditorLinkswithInvalidCodeTest","checkqueuepageTryEditorLinkswithInvalidCodeTest",""
"passed","Fri Jan 10 10:45:18 EST 2025","Fri Jan 10 10:45:18 EST 2025","338","Default suite","Default test","testcases.StackPageTest","testcases.StackPageTest","checkStackPageLinksTest","checkStackPageLinksTest",""
"passed","Fri Jan 10 20:56:36 EST 2025","Fri Jan 10 20:56:38 EST 2025","1448","Surefire suite","Surefire test","testcases.QueuePageTest","testcases.QueuePageTest","checkqueuepageTryEditorLinkswithValidCodeTest","checkqueuepageTryEditorLinkswithValidCodeTest",""
"passed","Sun Jan 12 20:02:48 EST 2025","Sun Jan 12 20:02:49 EST 2025","1846","DsAlgo-testngsuite","FireFoxTest","testcases.QueuePageTest","testcases.QueuePageTest","checkqueuepageTryEditorLinkswithNoScriptsTest","checkqueuepageTryEditorLinkswithNoScriptsTest",""
"passed","Fri Jan 10 20:31:36 EST 2025","Fri Jan 10 20:31:38 EST 2025","1443","DsAlgo-testngsuite","testng","testcases.StackPageTest","testcases.StackPageTest","checkStackPageTryEditorLinksTest","checkStackPageTryEditorLinksTest",""
"passed","Sun Jan 12 20:31:50 EST 2025","Sun Jan 12 20:31:52 EST 2025","1667","DsAlgo-testngsuite","FireFoxTest","testcases.graphtest","testcases.graphtest","checkGraphPageTryEditorLinkswithNoScriptsTest","checkGraphPageTryEditorLinkswithNoScriptsTest",""
"broken","Thu Jan 09 18:56:50 EST 2025","Thu Jan 09 18:56:50 EST 2025","669","Suite","testng","testcases.StackPageTest","testcases.StackPageTest","checkStackPageTryEditorLinkswithInvalidCodeTestforError","checkStackPageTryEditorLinkswithInvalidCodeTestforError",""
"passed","Fri Jan 10 20:58:23 EST 2025","Fri Jan 10 20:58:24 EST 2025","1170","Surefire suite","Surefire test","testcases.StackPageTest","testcases.StackPageTest","checkStackPageTryEditorLinkswithNoScriptsTest","checkStackPageTryEditorLinkswithNoScriptsTest",""
"skipped","Sun Jan 12 19:50:30 EST 2025","Sun Jan 12 19:50:30 EST 2025","4","DsAlgo-testngsuite","ChromeTest","testcases.StackPageTest","testcases.StackPageTest","checkStackPageLinksTest","checkStackPageLinksTest",""
"passed","Sun Jan 12 20:31:44 EST 2025","Sun Jan 12 20:31:44 EST 2025","0","DsAlgo-testngsuite","FireFoxTest","testcases.graphtest","testcases.graphtest","checkGraphPageTryEditorLinkswithInvalidCodeTestforError","checkGraphPageTryEditorLinkswithInvalidCodeTestforError",""
"broken","Thu Jan 09 18:57:06 EST 2025","Thu Jan 09 18:57:07 EST 2025","828","Suite","testng","testcases.StackPageTest","testcases.StackPageTest","checkStackPageTryEditorLinkswithValidCodeTest","checkStackPageTryEditorLinkswithValidCodeTest",""
"passed","Sun Jan 12 22:11:40 EST 2025","Sun Jan 12 22:11:40 EST 2025","505","DsAlgo-testngsuite","ChromeTest","testcases.graphtest","testcases.graphtest","checkGraphPageLinksTest","checkGraphPageLinksTest",""
"passed","Sun Jan 12 19:23:19 EST 2025","Sun Jan 12 19:23:21 EST 2025","2124","Default suite","Default test","testcases.StackPageTest","testcases.StackPageTest","checkStackPageTryEditorLinkswithInvalidCodeTestforError","checkStackPageTryEditorLinkswithInvalidCodeTestforError",""
"failed","Sun Jan 12 19:23:56 EST 2025","Sun Jan 12 19:23:57 EST 2025","254","Default suite","Default test","testcases.StackPageTest","testcases.StackPageTest","checkStackPageTryEditorLinkswithInvalidCodeTest","checkStackPageTryEditorLinkswithInvalidCodeTest",""
"passed","Sun Jan 12 20:03:05 EST 2025","Sun Jan 12 20:03:07 EST 2025","1765","DsAlgo-testngsuite","FireFoxTest","testcases.QueuePageTest","testcases.QueuePageTest","checkqueuepageTryEditorLinkswithNoScriptsTest","checkqueuepageTryEditorLinkswithNoScriptsTest",""
"passed","Sun Jan 12 19:50:57 EST 2025","Sun Jan 12 19:50:59 EST 2025","2599","DsAlgo-testngsuite","ChromeTest","testcases.HomePageTest","testcases.HomePageTest","clickQueueDropDownTest","clickQueueDropDownTest",""
"skipped","Sun Jan 12 19:50:30 EST 2025","Sun Jan 12 19:50:30 EST 2025","0","DsAlgo-testngsuite","ChromeTest","testcases.dataStructuresIntroPage","testcases.dataStructuresIntroPage","checkListPageTryEditorLinkswithNoScriptsTest","checkListPageTryEditorLinkswithNoScriptsTest",""
"skipped","Sun Jan 12 19:50:30 EST 2025","Sun Jan 12 19:50:30 EST 2025","0","DsAlgo-testngsuite","ChromeTest","testcases.LinkedListPageTest","testcases.LinkedListPageTest","checkListPageTryEditorLinkswithInvalidCodeTest","checkListPageTryEditorLinkswithInvalidCodeTest",""
"failed","Fri Jan 10 17:00:23 EST 2025","Fri Jan 10 17:00:34 EST 2025","10816","Default suite","Default test","testcases.QueuePageTest","testcases.QueuePageTest","checkqueuepageLinksTest1","checkqueuepageLinksTest1",""
"passed","Fri Jan 10 20:31:29 EST 2025","Fri Jan 10 20:31:31 EST 2025","1734","DsAlgo-testngsuite","testng","testcases.StackPageTest","testcases.StackPageTest","checkStackPageTryEditorLinksTest","checkStackPageTryEditorLinksTest",""
"skipped","Sun Jan 12 22:28:33 EST 2025","Sun Jan 12 22:28:33 EST 2025","8","Default suite","Default test","testcases.StackPageTest","testcases.StackPageTest","checkStackPageTryEditorLinkswithNoScriptsTest","checkStackPageTryEditorLinkswithNoScriptsTest",""
"passed","Sun Jan 12 20:30:45 EST 2025","Sun Jan 12 20:30:48 EST 2025","3038","DsAlgo-testngsuite","FireFoxTest","testcases.graphtest","testcases.graphtest","checkGraphPageTryEditorLinksTest","checkGraphPageTryEditorLinksTest",""
"passed","Sun Jan 12 19:24:03 EST 2025","Sun Jan 12 19:24:03 EST 2025","4","Default suite","Default test","testcases.StackPageTest","testcases.StackPageTest","checkStackPageTryEditorLinkswithInvalidCodeTest","checkStackPageTryEditorLinkswithInvalidCodeTest",""
"broken","Sun Jan 12 20:01:44 EST 2025","Sun Jan 12 20:01:47 EST 2025","3633","DsAlgo-testngsuite","FireFoxTest","testcases.QueuePageTest","testcases.QueuePageTest","checkqueuepageTryEditorLinkswithInvalidCodeTest","checkqueuepageTryEditorLinkswithInvalidCodeTest",""
"passed","Thu Jan 09 19:08:41 EST 2025","Thu Jan 09 19:08:43 EST 2025","1883","Default suite","Default test","testcases.StackPageTest","testcases.StackPageTest","checkStackPageTryEditorLinkswithInvalidCodeTest","checkStackPageTryEditorLinkswithInvalidCodeTest",""
"passed","Sun Jan 12 20:03:24 EST 2025","Sun Jan 12 20:03:24 EST 2025","2","DsAlgo-testngsuite","FireFoxTest","testcases.QueuePageTest","testcases.QueuePageTest","checkqueuepageTryEditorLinkswithNoScriptsTest","checkqueuepageTryEditorLinkswithNoScriptsTest",""
"passed","Sun Jan 12 19:59:20 EST 2025","Sun Jan 12 19:59:23 EST 2025","2583","DsAlgo-testngsuite","ChromeTest","testcases.QueuePageTest","testcases.QueuePageTest","checkqueuepageTryEditorLinkswithValidCodeTest","checkqueuepageTryEditorLinkswithValidCodeTest",""
"skipped","Sun Jan 12 19:50:30 EST 2025","Sun Jan 12 19:50:30 EST 2025","0","DsAlgo-testngsuite","ChromeTest","testcases.StackPageTest","testcases.StackPageTest","checkStackPageTryEditorLinkswithNoScriptsTest","checkStackPageTryEditorLinkswithNoScriptsTest",""
"passed","Fri Jan 10 20:55:10 EST 2025","Fri Jan 10 20:55:11 EST 2025","1527","Surefire suite","Surefire test","testcases.QueuePageTest","testcases.QueuePageTest","checkqueuepageTryEditorLinkswithInvalidCodeTest","checkqueuepageTryEditorLinkswithInvalidCodeTest",""
"passed","Sun Jan 12 22:15:34 EST 2025","Sun Jan 12 22:15:34 EST 2025","1","DsAlgo-testngsuite","EdgeTest","testcases.graphtest","testcases.graphtest","checkGraphPageTryEditorLinkswithNoScriptsTest","checkGraphPageTryEditorLinkswithNoScriptsTest",""
"failed","Fri Jan 10 20:54:31 EST 2025","Fri Jan 10 20:54:41 EST 2025","10627","Surefire suite","Surefire test","testcases.QueuePageTest","testcases.QueuePageTest","checkqueuepageLinksTest","checkqueuepageLinksTest",""
"passed","Fri Jan 10 20:54:09 EST 2025","Fri Jan 10 20:54:09 EST 2025","359","Surefire suite","Surefire test","testcases.HomePageTest","testcases.HomePageTest","clickStackLinkTest","clickStackLinkTest",""
"skipped","Sun Jan 12 22:08:17 EST 2025","Sun Jan 12 22:08:17 EST 2025","3","DsAlgo-testngsuite","EdgeTest","testcases.graphtest","testcases.graphtest","checkGraphPageLinksTest","checkGraphPageLinksTest",""
"passed","Sun Jan 12 19:57:22 EST 2025","Sun Jan 12 19:57:22 EST 2025","2","DsAlgo-testngsuite","ChromeTest","testcases.QueuePageTest","testcases.QueuePageTest","checkqueuepageTryEditorLinkswithInvalidCodeTest","checkqueuepageTryEditorLinkswithInvalidCodeTest",""
"passed","Fri Jan 10 20:31:49 EST 2025","Fri Jan 10 20:31:49 EST 2025","2","DsAlgo-testngsuite","testng","testcases.StackPageTest","testcases.StackPageTest","checkStackPageTryEditorLinksTest","checkStackPageTryEditorLinksTest",""
"passed","Sun Jan 12 20:01:10 EST 2025","Sun Jan 12 20:01:10 EST 2025","1","DsAlgo-testngsuite","FireFoxTest","testcases.QueuePageTest","testcases.QueuePageTest","checkqueuepageTryEditorLinksTest","checkqueuepageTryEditorLinksTest",""
"broken","Thu Jan 09 18:57:01 EST 2025","Thu Jan 09 18:57:02 EST 2025","872","Suite","testng","testcases.StackPageTest","testcases.StackPageTest","checkStackPageTryEditorLinkswithNoScriptsTest","checkStackPageTryEditorLinkswithNoScriptsTest",""
"passed","Fri Jan 10 20:55:06 EST 2025","Fri Jan 10 20:55:06 EST 2025","1","Surefire suite","Surefire test","testcases.QueuePageTest","testcases.QueuePageTest","checkqueuepageTryEditorLinksTest","checkqueuepageTryEditorLinksTest",""
"passed","Fri Jan 10 20:31:42 EST 2025","Fri Jan 10 20:31:44 EST 2025","1897","DsAlgo-testngsuite","testng","testcases.StackPageTest","testcases.StackPageTest","checkStackPageTryEditorLinksTest","checkStackPageTryEditorLinksTest",""
"skipped","Sun Jan 12 20:26:51 EST 2025","Sun Jan 12 20:26:51 EST 2025","0","DsAlgo-testngsuite","ChromeTest","testcases.graphtest","testcases.graphtest","checkGraphPageTryEditorLinkswithValidCodeTest","checkGraphPageTryEditorLinkswithValidCodeTest",""
"skipped","Sun Jan 12 19:50:30 EST 2025","Sun Jan 12 19:50:30 EST 2025","1","DsAlgo-testngsuite","ChromeTest","testcases.arraytest","testcases.arraytest","checkArrayPageTryEditorLinkswithInvalidCodeTestforError","checkArrayPageTryEditorLinkswithInvalidCodeTestforError",""
"broken","Thu Jan 09 19:13:58 EST 2025","Thu Jan 09 19:13:59 EST 2025","1148","Default suite","Default test","testcases.StackPageTest","testcases.StackPageTest","checkStackPageTryEditorLinkswithNoScriptsTest","checkStackPageTryEditorLinkswithNoScriptsTest",""
"passed","Sun Jan 12 20:03:31 EST 2025","Sun Jan 12 20:03:33 EST 2025","1991","DsAlgo-testngsuite","FireFoxTest","testcases.QueuePageTest","testcases.QueuePageTest","checkqueuepageTryEditorLinkswithValidCodeTest","checkqueuepageTryEditorLinkswithValidCodeTest",""
"passed","Fri Jan 10 20:32:23 EST 2025","Fri Jan 10 20:32:25 EST 2025","1776","DsAlgo-testngsuite","testng","testcases.StackPageTest","testcases.StackPageTest","checkStackPageTryEditorLinkswithInvalidCodeTestforError","checkStackPageTryEditorLinkswithInvalidCodeTestforError",""
"skipped","Sun Jan 12 19:50:30 EST 2025","Sun Jan 12 19:50:30 EST 2025","0","DsAlgo-testngsuite","ChromeTest","testcases.dataStructuresIntroPage","testcases.dataStructuresIntroPage","checkListPageTryEditorLinkswithInvalidCodeTestforError","checkListPageTryEditorLinkswithInvalidCodeTestforError",""
"broken","Thu Jan 09 19:08:46 EST 2025","Thu Jan 09 19:08:48 EST 2025","1161","Default suite","Default test","testcases.StackPageTest","testcases.StackPageTest","checkStackPageTryEditorLinkswithInvalidCodeTest","checkStackPageTryEditorLinkswithInvalidCodeTest",""
"broken","Fri Jan 10 10:54:13 EST 2025","Fri Jan 10 10:54:14 EST 2025","1194","Default suite","Default test","testcases.StackPageTest","testcases.StackPageTest","checkStackPageTryEditorLinkswithInvalidCodeTestforError","checkStackPageTryEditorLinkswithInvalidCodeTestforError",""
"failed","Sun Jan 12 19:55:42 EST 2025","Sun Jan 12 19:55:55 EST 2025","12355","DsAlgo-testngsuite","ChromeTest","testcases.QueuePageTest","testcases.QueuePageTest","checkqueuepageLinksTest","checkqueuepageLinksTest",""
"passed","Fri Jan 10 20:32:55 EST 2025","Fri Jan 10 20:32:56 EST 2025","1670","DsAlgo-testngsuite","testng","testcases.StackPageTest","testcases.StackPageTest","checkStackPageTryEditorLinkswithNoScriptsTest","checkStackPageTryEditorLinkswithNoScriptsTest",""
"passed","Fri Jan 10 20:54:51 EST 2025","Fri Jan 10 20:54:52 EST 2025","1105","Surefire suite","Surefire test","testcases.QueuePageTest","testcases.QueuePageTest","checkqueuepageTryEditorLinksTest","checkqueuepageTryEditorLinksTest",""
"passed","Fri Jan 10 20:57:38 EST 2025","Fri Jan 10 20:57:38 EST 2025","1","Surefire suite","Surefire test","testcases.StackPageTest","testcases.StackPageTest","checkStackPageTryEditorLinksTest","checkStackPageTryEditorLinksTest",""
"passed","Sun Jan 12 19:23:06 EST 2025","Sun Jan 12 19:23:08 EST 2025","1644","Default suite","Default test","testcases.StackPageTest","testcases.StackPageTest","checkStackPageTryEditorLinkswithInvalidCodeTestforError","checkStackPageTryEditorLinkswithInvalidCodeTestforError",""
"passed","Sun Jan 12 19:56:56 EST 2025","Sun Jan 12 19:56:58 EST 2025","1925","DsAlgo-testngsuite","ChromeTest","testcases.QueuePageTest","testcases.QueuePageTest","checkqueuepageTryEditorLinkswithInvalidCodeTest","checkqueuepageTryEditorLinkswithInvalidCodeTest",""
"broken","Fri Jan 10 10:51:31 EST 2025","Fri Jan 10 10:51:32 EST 2025","1070","Default suite","Default test","testcases.StackPageTest","testcases.StackPageTest","checkStackPageTryEditorLinkswithInvalidCodeTest","checkStackPageTryEditorLinkswithInvalidCodeTest",""
"passed","Sun Jan 12 19:56:30 EST 2025","Sun Jan 12 19:56:31 EST 2025","1535","DsAlgo-testngsuite","ChromeTest","testcases.QueuePageTest","testcases.QueuePageTest","checkqueuepageTryEditorLinksTest","checkqueuepageTryEditorLinksTest",""
"failed","Sun Jan 12 19:23:41 EST 2025","Sun Jan 12 19:23:42 EST 2025","270","Default suite","Default test","testcases.StackPageTest","testcases.StackPageTest","checkStackPageTryEditorLinkswithInvalidCodeTest","checkStackPageTryEditorLinkswithInvalidCodeTest",""
"skipped","Sun Jan 12 19:50:30 EST 2025","Sun Jan 12 19:50:30 EST 2025","0","DsAlgo-testngsuite","ChromeTest","testcases.StackPageTest","testcases.StackPageTest","checkStackPageTryEditorLinkswithValidCodeTest","checkStackPageTryEditorLinkswithValidCodeTest",""
"passed","Thu Jan 09 18:56:34 EST 2025","Thu Jan 09 18:56:36 EST 2025","1476","Suite","testng","testcases.StackPageTest","testcases.StackPageTest","checkStackPageTryEditorLinksTest","checkStackPageTryEditorLinksTest",""
"broken","Fri Jan 10 11:04:13 EST 2025","Fri Jan 10 11:04:23 EST 2025","10607","Default suite","Default test","testcases.StackPageTest","testcases.StackPageTest","checkStackPageTryEditorLinkswithInvalidCodeTestforError1","checkStackPageTryEditorLinkswithInvalidCodeTestforError1",""
"failed","Thu Jan 09 18:56:21 EST 2025","Thu Jan 09 18:56:32 EST 2025","10673","Suite","testng","testcases.StackPageTest","testcases.StackPageTest","checkStackPageLinksTest","checkStackPageLinksTest",""
"passed","Fri Jan 10 20:58:36 EST 2025","Fri Jan 10 20:58:38 EST 2025","1441","Surefire suite","Surefire test","testcases.StackPageTest","testcases.StackPageTest","checkStackPageTryEditorLinkswithValidCodeTest","checkStackPageTryEditorLinkswithValidCodeTest",""
"passed","Sun Jan 12 19:59:39 EST 2025","Sun Jan 12 19:59:39 EST 2025","2","DsAlgo-testngsuite","ChromeTest","testcases.QueuePageTest","testcases.QueuePageTest","checkqueuepageTryEditorLinkswithValidCodeTest","checkqueuepageTryEditorLinkswithValidCodeTest",""
"passed","Sun Jan 12 19:58:21 EST 2025","Sun Jan 12 19:58:23 EST 2025","1504","DsAlgo-testngsuite","ChromeTest","testcases.QueuePageTest","testcases.QueuePageTest","checkqueuepageTryEditorLinkswithNoScriptsTest","checkqueuepageTryEditorLinkswithNoScriptsTest",""
"failed","Fri Jan 10 10:34:43 EST 2025","Fri Jan 10 10:34:54 EST 2025","10636","Default suite","Default test","testcases.StackPageTest","testcases.StackPageTest","checkStackPageLinksTest","checkStackPageLinksTest",""
"passed","Sun Jan 12 20:03:50 EST 2025","Sun Jan 12 20:03:52 EST 2025","2276","DsAlgo-testngsuite","FireFoxTest","testcases.QueuePageTest","testcases.QueuePageTest","checkqueuepageTryEditorLinkswithValidCodeTest","checkqueuepageTryEditorLinkswithValidCodeTest",""
"broken","Thu Jan 09 18:57:04 EST 2025","Thu Jan 09 18:57:04 EST 2025","767","Suite","testng","testcases.StackPageTest","testcases.StackPageTest","checkStackPageTryEditorLinkswithValidCodeTest","checkStackPageTryEditorLinkswithValidCodeTest",""
"passed","Fri Jan 10 20:58:41 EST 2025","Fri Jan 10 20:58:43 EST 2025","1434","Surefire suite","Surefire test","testcases.StackPageTest","testcases.StackPageTest","checkStackPageTryEditorLinkswithValidCodeTest","checkStackPageTryEditorLinkswithValidCodeTest",""
"passed","Sun Jan 12 20:00:13 EST 2025","Sun Jan 12 20:00:13 EST 2025","609","DsAlgo-testngsuite","FireFoxTest","testcases.QueuePageTest","testcases.QueuePageTest","checkqueuepageLinksTest","checkqueuepageLinksTest",""
"passed","Sun Jan 12 20:32:09 EST 2025","Sun Jan 12 20:32:09 EST 2025","0","DsAlgo-testngsuite","FireFoxTest","testcases.graphtest","testcases.graphtest","checkGraphPageTryEditorLinkswithNoScriptsTest","checkGraphPageTryEditorLinkswithNoScriptsTest",""
"broken","Thu Jan 09 18:57:09 EST 2025","Thu Jan 09 18:57:09 EST 2025","863","Suite","testng","testcases.StackPageTest","testcases.StackPageTest","checkStackPageTryEditorLinkswithValidCodeTest","checkStackPageTryEditorLinkswithValidCodeTest",""
"passed","Fri Jan 10 20:56:01 EST 2025","Fri Jan 10 20:56:03 EST 2025","1382","Surefire suite","Surefire test","testcases.QueuePageTest","testcases.QueuePageTest","checkqueuepageTryEditorLinkswithNoScriptsTest","checkqueuepageTryEditorLinkswithNoScriptsTest",""
"skipped","Sun Jan 12 20:26:51 EST 2025","Sun Jan 12 20:26:51 EST 2025","3","DsAlgo-testngsuite","ChromeTest","testcases.graphtest","testcases.graphtest","checkGraphPageLinksTest","checkGraphPageLinksTest",""
"passed","Sun Jan 12 19:56:04 EST 2025","Sun Jan 12 19:56:05 EST 2025","1634","DsAlgo-testngsuite","ChromeTest","testcases.QueuePageTest","testcases.QueuePageTest","checkqueuepageTryEditorLinksTest","checkqueuepageTryEditorLinksTest",""
"passed","Sun Jan 12 19:56:47 EST 2025","Sun Jan 12 19:56:49 EST 2025","2116","DsAlgo-testngsuite","ChromeTest","testcases.QueuePageTest","testcases.QueuePageTest","checkqueuepageTryEditorLinkswithInvalidCodeTest","checkqueuepageTryEditorLinkswithInvalidCodeTest",""
"passed","Fri Jan 10 20:57:32 EST 2025","Fri Jan 10 20:57:33 EST 2025","1506","Surefire suite","Surefire test","testcases.StackPageTest","testcases.StackPageTest","checkStackPageTryEditorLinksTest","checkStackPageTryEditorLinksTest",""
"passed","Sun Jan 12 20:01:14 EST 2025","Sun Jan 12 20:01:18 EST 2025","3841","DsAlgo-testngsuite","FireFoxTest","testcases.QueuePageTest","testcases.QueuePageTest","checkqueuepageTryEditorLinkswithInvalidCodeTest","checkqueuepageTryEditorLinkswithInvalidCodeTest",""
"broken","Fri Jan 10 20:21:14 EST 2025","Fri Jan 10 20:21:14 EST 2025","2","DsAlgo-testngsuite","testng","testcases.StackPageTest","testcases.StackPageTest","LoadList","LoadList",""
"passed","Sun Jan 12 22:11:34 EST 2025","Sun Jan 12 22:11:35 EST 2025","506","DsAlgo-testngsuite","ChromeTest","testcases.graphtest","testcases.graphtest","checkGraphPageLinksTest","checkGraphPageLinksTest",""
"failed","Fri Jan 10 20:31:13 EST 2025","Fri Jan 10 20:31:25 EST 2025","12573","DsAlgo-testngsuite","testng","testcases.StackPageTest","testcases.StackPageTest","checkStackPageLinksTest","checkStackPageLinksTest",""
"passed","Sun Jan 12 19:56:12 EST 2025","Sun Jan 12 19:56:13 EST 2025","1488","DsAlgo-testngsuite","ChromeTest","testcases.QueuePageTest","testcases.QueuePageTest","checkqueuepageTryEditorLinksTest","checkqueuepageTryEditorLinksTest",""
"passed","Sun Jan 12 19:55:35 EST 2025","Sun Jan 12 19:55:36 EST 2025","631","DsAlgo-testngsuite","ChromeTest","testcases.QueuePageTest","testcases.QueuePageTest","checkqueuepageLinksTest","checkqueuepageLinksTest",""
"passed","Thu Jan 09 18:56:12 EST 2025","Thu Jan 09 18:56:13 EST 2025","427","Suite","testng","testcases.StackPageTest","testcases.StackPageTest","checkStackPageLinksTest","checkStackPageLinksTest",""
"broken","Thu Jan 09 19:13:47 EST 2025","Thu Jan 09 19:13:49 EST 2025","1444","Default suite","Default test","testcases.StackPageTest","testcases.StackPageTest","checkStackPageTryEditorLinkswithNoScriptsTest","checkStackPageTryEditorLinkswithNoScriptsTest",""
"passed","Fri Jan 10 16:43:19 EST 2025","Fri Jan 10 16:43:19 EST 2025","529","Default suite","Default test","testcases.StackPageTest","testcases.StackPageTest","checkStackPageLinksTest1","checkStackPageLinksTest1",""
"skipped","Sun Jan 12 20:26:51 EST 2025","Sun Jan 12 20:26:51 EST 2025","0","DsAlgo-testngsuite","ChromeTest","testcases.graphtest","testcases.graphtest","checkGraphPageTryEditorLinkswithNoScriptsTest","checkGraphPageTryEditorLinkswithNoScriptsTest",""
"passed","Fri Jan 10 16:51:46 EST 2025","Fri Jan 10 16:51:47 EST 2025","303","Suite","testng","testcases.StackPageTest","testcases.StackPageTest","checkStackPageLinksTest1","checkStackPageLinksTest1",""
"passed","Fri Jan 10 20:56:46 EST 2025","Fri Jan 10 20:56:46 EST 2025","1","Surefire suite","Surefire test","testcases.QueuePageTest","testcases.QueuePageTest","checkqueuepageTryEditorLinkswithValidCodeTest","checkqueuepageTryEditorLinkswithValidCodeTest",""
"passed","Sun Jan 12 20:00:54 EST 2025","Sun Jan 12 20:00:56 EST 2025","1634","DsAlgo-testngsuite","FireFoxTest","testcases.QueuePageTest","testcases.QueuePageTest","checkqueuepageTryEditorLinksTest","checkqueuepageTryEditorLinksTest",""
"failed","Sun Jan 12 22:13:41 EST 2025","Sun Jan 12 22:13:52 EST 2025","10759","DsAlgo-testngsuite","EdgeTest","testcases.graphtest","testcases.graphtest","checkGraphPageLinksTest","checkGraphPageLinksTest",""
"broken","Sun Jan 12 22:08:15 EST 2025","Sun Jan 12 22:08:15 EST 2025","1","DsAlgo-testngsuite","EdgeTest","testcases.graphtest","testcases.graphtest","BackgroundSetUp","BackgroundSetUp",""
"passed","Sun Jan 12 22:12:20 EST 2025","Sun Jan 12 22:12:20 EST 2025","0","DsAlgo-testngsuite","ChromeTest","testcases.graphtest","testcases.graphtest","checkGraphPageTryEditorLinkswithInvalidCodeTest","checkGraphPageTryEditorLinkswithInvalidCodeTest",""
"passed","Fri Jan 10 20:56:31 EST 2025","Fri Jan 10 20:56:33 EST 2025","1404","Surefire suite","Surefire test","testcases.QueuePageTest","testcases.QueuePageTest","checkqueuepageTryEditorLinkswithValidCodeTest","checkqueuepageTryEditorLinkswithValidCodeTest",""
"passed","Sun Jan 12 20:02:42 EST 2025","Sun Jan 12 20:02:42 EST 2025","1","DsAlgo-testngsuite","FireFoxTest","testcases.QueuePageTest","testcases.QueuePageTest","checkqueuepageTryEditorLinkswithInvalidCodeTestforError","checkqueuepageTryEditorLinkswithInvalidCodeTestforError",""
"skipped","Fri Jan 10 17:08:57 EST 2025","Fri Jan 10 17:08:57 EST 2025","2","DsAlgo-testngsuite","testng","testcases.QueuePageTest","testcases.QueuePageTest","checkqueuepageTryEditorLinkswithNoScriptsTest","checkqueuepageTryEditorLinkswithNoScriptsTest",""
"passed","Thu Jan 09 18:56:15 EST 2025","Thu Jan 09 18:56:15 EST 2025","312","Suite","testng","testcases.StackPageTest","testcases.StackPageTest","checkStackPageLinksTest","checkStackPageLinksTest",""
"skipped","Sun Jan 12 19:50:30 EST 2025","Sun Jan 12 19:50:30 EST 2025","1","DsAlgo-testngsuite","ChromeTest","testcases.ArrayPracticeTest$arraytest","testcases.ArrayPracticeTest$arraytest","checkArrayPracticePageLinksTest","checkArrayPracticePageLinksTest",""
"passed","Sun Jan 12 19:49:26 EST 2025","Sun Jan 12 19:49:27 EST 2025","338","Default suite","Default test","testcases.StackPageTest","testcases.StackPageTest","checkStackPageLinksTest","checkStackPageLinksTest",""
"passed","Fri Jan 10 16:43:10 EST 2025","Fri Jan 10 16:43:11 EST 2025","406","Default suite","Default test","testcases.StackPageTest","testcases.StackPageTest","checkStackPageLinksTest1","checkStackPageLinksTest1",""
"passed","Sun Jan 12 19:56:38 EST 2025","Sun Jan 12 19:56:38 EST 2025","2","DsAlgo-testngsuite","ChromeTest","testcases.QueuePageTest","testcases.QueuePageTest","checkqueuepageTryEditorLinksTest","checkqueuepageTryEditorLinksTest",""
"passed","Sun Jan 12 19:23:32 EST 2025","Sun Jan 12 19:23:32 EST 2025","2","Default suite","Default test","testcases.StackPageTest","testcases.StackPageTest","checkStackPageTryEditorLinkswithInvalidCodeTestforError","checkStackPageTryEditorLinkswithInvalidCodeTestforError",""
"passed","Fri Jan 10 20:33:28 EST 2025","Fri Jan 10 20:33:30 EST 2025","2171","DsAlgo-testngsuite","testng","testcases.StackPageTest","testcases.StackPageTest","checkStackPageTryEditorLinkswithValidCodeTest","checkStackPageTryEditorLinkswithValidCodeTest",""
"broken","Sun Jan 12 22:14:50 EST 2025","Sun Jan 12 22:14:51 EST 2025","1566","DsAlgo-testngsuite","EdgeTest","testcases.graphtest","testcases.graphtest","checkGraphPageTryEditorLinkswithInvalidCodeTestforError","checkGraphPageTryEditorLinkswithInvalidCodeTestforError",""
"skipped","Sun Jan 12 22:08:05 EST 2025","Sun Jan 12 22:08:05 EST 2025","3","DsAlgo-testngsuite","EdgeTest","testcases.graphtest","testcases.graphtest","checkGraphPageTryEditorLinkswithInvalidCodeTestforError","checkGraphPageTryEditorLinkswithInvalidCodeTestforError",""
"passed","Fri Jan 10 20:54:26 EST 2025","Fri Jan 10 20:54:27 EST 2025","304","Surefire suite","Surefire test","testcases.QueuePageTest","testcases.QueuePageTest","checkqueuepageLinksTest","checkqueuepageLinksTest",""
"broken","Thu Jan 09 18:56:57 EST 2025","Thu Jan 09 18:56:57 EST 2025","795","Suite","testng","testcases.StackPageTest","testcases.StackPageTest","checkStackPageTryEditorLinkswithNoScriptsTest","checkStackPageTryEditorLinkswithNoScriptsTest",""
"passed","Fri Jan 10 20:32:29 EST 2025","Fri Jan 10 20:32:31 EST 2025","1863","DsAlgo-testngsuite","testng","testcases.StackPageTest","testcases.StackPageTest","checkStackPageTryEditorLinkswithInvalidCodeTestforError","checkStackPageTryEditorLinkswithInvalidCodeTestforError",""
"passed","Sun Jan 12 20:03:58 EST 2025","Sun Jan 12 20:04:00 EST 2025","2199","DsAlgo-testngsuite","FireFoxTest","testcases.QueuePageTest","testcases.QueuePageTest","checkqueuepageTryEditorLinkswithValidCodeTest","checkqueuepageTryEditorLinkswithValidCodeTest",""
"skipped","Sun Jan 12 19:50:30 EST 2025","Sun Jan 12 19:50:30 EST 2025","1","DsAlgo-testngsuite","ChromeTest","testcases.arraytest","testcases.arraytest","checkArrayPageTryEditorLinkswithNoScriptsTest","checkArrayPageTryEditorLinkswithNoScriptsTest",""
"passed","Thu Jan 09 18:56:38 EST 2025","Thu Jan 09 18:56:38 EST 2025","674","Suite","testng","testcases.StackPageTest","testcases.StackPageTest","checkStackPageTryEditorLinksTest","checkStackPageTryEditorLinksTest",""
"passed","Fri Jan 10 10:53:15 EST 2025","Fri Jan 10 10:53:16 EST 2025","1202","Default suite","Default test","testcases.StackPageTest","testcases.StackPageTest","checkStackPageTryEditorLinksTest","checkStackPageTryEditorLinksTest",""
"failed","Sun Jan 12 23:04:16 EST 2025","Sun Jan 12 23:04:27 EST 2025","10633","Default suite","Default test","testcases.graphtest","testcases.graphtest","checkGraphPageLinksTest","checkGraphPageLinksTest",""
"passed","Fri Jan 10 20:56:06 EST 2025","Fri Jan 10 20:56:07 EST 2025","1125","Surefire suite","Surefire test","testcases.QueuePageTest","testcases.QueuePageTest","checkqueuepageTryEditorLinkswithNoScriptsTest","checkqueuepageTryEditorLinkswithNoScriptsTest",""
"broken","Thu Jan 09 18:56:54 EST 2025","Thu Jan 09 18:56:55 EST 2025","799","Suite","testng","testcases.StackPageTest","testcases.StackPageTest","checkStackPageTryEditorLinkswithInvalidCodeTestforError","checkStackPageTryEditorLinkswithInvalidCodeTestforError",""
"passed","Sun Jan 12 22:12:56 EST 2025","Sun Jan 12 22:12:57 EST 2025","1426","DsAlgo-testngsuite","ChromeTest","testcases.graphtest","testcases.graphtest","checkGraphPageTryEditorLinkswithNoScriptsTest","checkGraphPageTryEditorLinkswithNoScriptsTest",""
"broken","Sun Jan 12 19:57:13 EST 2025","Sun Jan 12 19:57:15 EST 2025","2522","DsAlgo-testngsuite","ChromeTest","testcases.QueuePageTest","testcases.QueuePageTest","checkqueuepageTryEditorLinkswithInvalidCodeTest","checkqueuepageTryEditorLinkswithInvalidCodeTest",""
"passed","Sun Jan 12 20:31:06 EST 2025","Sun Jan 12 20:31:06 EST 2025","0","DsAlgo-testngsuite","FireFoxTest","testcases.graphtest","testcases.graphtest","checkGraphPageTryEditorLinkswithInvalidCodeTest","checkGraphPageTryEditorLinkswithInvalidCodeTest",""
"broken","Sun Jan 12 21:49:39 EST 2025","Sun Jan 12 21:49:39 EST 2025","2","Default suite","Default test","testcases.graphtest","testcases.graphtest","BackgroundSetUp","BackgroundSetUp",""
"skipped","Fri Jan 10 16:59:37 EST 2025","Fri Jan 10 16:59:37 EST 2025","2","Default suite","Default test","testcases.QueuePageTest","testcases.QueuePageTest","checkqueuepageLinksTest1","checkqueuepageLinksTest1",""
"passed","Sun Jan 12 20:03:13 EST 2025","Sun Jan 12 20:03:15 EST 2025","1616","DsAlgo-testngsuite","FireFoxTest","testcases.QueuePageTest","testcases.QueuePageTest","checkqueuepageTryEditorLinkswithNoScriptsTest","checkqueuepageTryEditorLinkswithNoScriptsTest",""
"skipped","Sun Jan 12 21:48:04 EST 2025","Sun Jan 12 21:48:04 EST 2025","1","DsAlgo-testngsuite","FireFoxTest","testcases.graphtest","testcases.graphtest","checkGraphPageTryEditorLinkswithInvalidCodeTest","checkGraphPageTryEditorLinkswithInvalidCodeTest",""
"failed","Sun Jan 12 20:02:32 EST 2025","Sun Jan 12 20:02:34 EST 2025","2471","DsAlgo-testngsuite","FireFoxTest","testcases.QueuePageTest","testcases.QueuePageTest","checkqueuepageTryEditorLinkswithInvalidCodeTestforError","checkqueuepageTryEditorLinkswithInvalidCodeTestforError",""
"passed","Sun Jan 12 19:59:56 EST 2025","Sun Jan 12 19:59:56 EST 2025","365","DsAlgo-testngsuite","FireFoxTest","testcases.QueuePageTest","testcases.QueuePageTest","checkqueuepageLinksTest","checkqueuepageLinksTest",""
"failed","Sun Jan 12 22:11:45 EST 2025","Sun Jan 12 22:11:56 EST 2025","10934","DsAlgo-testngsuite","ChromeTest","testcases.graphtest","testcases.graphtest","checkGraphPageLinksTest","checkGraphPageLinksTest",""
"broken","Sun Jan 12 22:14:59 EST 2025","Sun Jan 12 22:15:00 EST 2025","1442","DsAlgo-testngsuite","EdgeTest","testcases.graphtest","testcases.graphtest","checkGraphPageTryEditorLinkswithInvalidCodeTestforError","checkGraphPageTryEditorLinkswithInvalidCodeTestforError",""
"broken","Thu Jan 09 19:13:53 EST 2025","Thu Jan 09 19:13:54 EST 2025","1191","Default suite","Default test","testcases.StackPageTest","testcases.StackPageTest","checkStackPageTryEditorLinkswithNoScriptsTest","checkStackPageTryEditorLinkswithNoScriptsTest",""
"passed","Sun Jan 12 20:00:44 EST 2025","Sun Jan 12 20:00:45 EST 2025","1118","DsAlgo-testngsuite","FireFoxTest","testcases.QueuePageTest","testcases.QueuePageTest","checkqueuepageTryEditorLinksTest","checkqueuepageTryEditorLinksTest",""
"passed","Fri Jan 10 20:55:35 EST 2025","Fri Jan 10 20:55:36 EST 2025","1933","Surefire suite","Surefire test","testcases.QueuePageTest","testcases.QueuePageTest","checkqueuepageTryEditorLinkswithInvalidCodeTestforError","checkqueuepageTryEditorLinkswithInvalidCodeTestforError",""
"failed","Fri Jan 10 20:55:52 EST 2025","Fri Jan 10 20:55:53 EST 2025","1404","Surefire suite","Surefire test","testcases.QueuePageTest","testcases.QueuePageTest","checkqueuepageTryEditorLinkswithInvalidCodeTestforError","checkqueuepageTryEditorLinkswithInvalidCodeTestforError",""
"passed","Fri Jan 10 10:45:20 EST 2025","Fri Jan 10 10:45:21 EST 2025","577","Default suite","Default test","testcases.StackPageTest","testcases.StackPageTest","checkStackPageLinksTest","checkStackPageLinksTest",""
"passed","Sun Jan 12 19:49:19 EST 2025","Sun Jan 12 19:49:20 EST 2025","466","Default suite","Default test","testcases.StackPageTest","testcases.StackPageTest","checkStackPageLinksTest","checkStackPageLinksTest",""
"passed","Fri Jan 10 20:32:48 EST 2025","Fri Jan 10 20:32:50 EST 2025","1855","DsAlgo-testngsuite","testng","testcases.StackPageTest","testcases.StackPageTest","checkStackPageTryEditorLinkswithNoScriptsTest","checkStackPageTryEditorLinkswithNoScriptsTest",""
"broken","Thu Jan 09 18:56:42 EST 2025","Thu Jan 09 18:56:43 EST 2025","872","Suite","testng","testcases.StackPageTest","testcases.StackPageTest","checkStackPageTryEditorLinkswithInvalidCodeTest","checkStackPageTryEditorLinkswithInvalidCodeTest",""
"passed","Sun Jan 12 20:02:00 EST 2025","Sun Jan 12 20:02:02 EST 2025","1415","DsAlgo-testngsuite","FireFoxTest","testcases.QueuePageTest","testcases.QueuePageTest","checkqueuepageTryEditorLinkswithInvalidCodeTestforError","checkqueuepageTryEditorLinkswithInvalidCodeTestforError",""
"broken","Fri Jan 10 16:59:37 EST 2025","Fri Jan 10 16:59:37 EST 2025","2","Default suite","Default test","testcases.QueuePageTest","testcases.QueuePageTest","BackgroundSetUp","BackgroundSetUp",""
"passed","Fri Jan 10 20:33:08 EST 2025","Fri Jan 10 20:33:08 EST 2025","1","DsAlgo-testngsuite","testng","testcases.StackPageTest","testcases.StackPageTest","checkStackPageTryEditorLinkswithNoScriptsTest","checkStackPageTryEditorLinkswithNoScriptsTest",""
"skipped","Sun Jan 12 19:50:30 EST 2025","Sun Jan 12 19:50:30 EST 2025","24","DsAlgo-testngsuite","ChromeTest","testcases.dataStructuresIntroPage","testcases.dataStructuresIntroPage","checkListPageLinksTest","checkListPageLinksTest",""
"passed","Fri Jan 10 10:50:35 EST 2025","Fri Jan 10 10:50:35 EST 2025","328","Default suite","Default test","testcases.StackPageTest","testcases.StackPageTest","checkStackPageLinksTest","checkStackPageLinksTest",""
"broken","Fri Jan 10 17:08:43 EST 2025","Fri Jan 10 17:08:43 EST 2025","1","DsAlgo-testngsuite","testng","testcases.StackPageTest","testcases.StackPageTest","BackgroundSetUp","BackgroundSetUp",""
"passed","Sun Jan 12 19:59:29 EST 2025","Sun Jan 12 19:59:31 EST 2025","2037","DsAlgo-testngsuite","ChromeTest","testcases.QueuePageTest","testcases.QueuePageTest","checkqueuepageTryEditorLinkswithValidCodeTest","checkqueuepageTryEditorLinkswithValidCodeTest",""
"passed","Sun Jan 12 20:01:25 EST 2025","Sun Jan 12 20:01:27 EST 2025","2093","DsAlgo-testngsuite","FireFoxTest","testcases.QueuePageTest","testcases.QueuePageTest","checkqueuepageTryEditorLinkswithInvalidCodeTest","checkqueuepageTryEditorLinkswithInvalidCodeTest",""
"broken","Sun Jan 12 22:12:34 EST 2025","Sun Jan 12 22:12:35 EST 2025","1330","DsAlgo-testngsuite","ChromeTest","testcases.graphtest","testcases.graphtest","checkGraphPageTryEditorLinkswithInvalidCodeTestforError","checkGraphPageTryEditorLinkswithInvalidCodeTestforError",""
"skipped","Sun Jan 12 19:50:30 EST 2025","Sun Jan 12 19:50:30 EST 2025","1","DsAlgo-testngsuite","ChromeTest","testcases.arraytest","testcases.arraytest","checkArrayPageTryEditorLinksTest","checkArrayPageTryEditorLinksTest",""
"skipped","Sun Jan 12 19:50:30 EST 2025","Sun Jan 12 19:50:30 EST 2025","0","DsAlgo-testngsuite","ChromeTest","testcases.LinkedListPageTest","testcases.LinkedListPageTest","checkListPageTryEditorLinkswithValidCodeTest","checkListPageTryEditorLinkswithValidCodeTest",""
"broken","Sun Jan 12 21:48:03 EST 2025","Sun Jan 12 21:48:03 EST 2025","2","DsAlgo-testngsuite","FireFoxTest","testcases.graphtest","testcases.graphtest","BackgroundSetUp","BackgroundSetUp",""
"skipped","Sun Jan 12 22:32:54 EST 2025","Sun Jan 12 22:32:54 EST 2025","5","DsAlgo-testngsuite","ChromeTest","testcases.ArrayPracticeTest$arraytest","testcases.ArrayPracticeTest$arraytest","checkArrayPageTryEditorLinkswithValidCodeTestandClickRunBTn","checkArrayPageTryEditorLinkswithValidCodeTestandClickRunBTn",""
"passed","Fri Jan 10 17:00:14 EST 2025","Fri Jan 10 17:00:15 EST 2025","310","Default suite","Default test","testcases.QueuePageTest","testcases.QueuePageTest","checkqueuepageLinksTest1","checkqueuepageLinksTest1",""
"passed","Fri Jan 10 20:32:36 EST 2025","Fri Jan 10 20:32:38 EST 2025","2283","DsAlgo-testngsuite","testng","testcases.StackPageTest","testcases.StackPageTest","checkStackPageTryEditorLinkswithInvalidCodeTestforError","checkStackPageTryEditorLinkswithInvalidCodeTestforError",""
"broken","Thu Jan 09 18:56:45 EST 2025","Thu Jan 09 18:56:46 EST 2025","824","Suite","testng","testcases.StackPageTest","testcases.StackPageTest","checkStackPageTryEditorLinkswithInvalidCodeTest","checkStackPageTryEditorLinkswithInvalidCodeTest",""
"failed","Fri Jan 10 16:51:55 EST 2025","Fri Jan 10 16:52:05 EST 2025","10553","Suite","testng","testcases.StackPageTest","testcases.StackPageTest","checkStackPageLinksTest1","checkStackPageLinksTest1",""
"passed","Fri Jan 10 20:58:28 EST 2025","Fri Jan 10 20:58:29 EST 2025","1242","Surefire suite","Surefire test","testcases.StackPageTest","testcases.StackPageTest","checkStackPageTryEditorLinkswithNoScriptsTest","checkStackPageTryEditorLinkswithNoScriptsTest",""
"passed","Fri Jan 10 20:54:22 EST 2025","Fri Jan 10 20:54:23 EST 2025","311","Surefire suite","Surefire test","testcases.QueuePageTest","testcases.QueuePageTest","checkqueuepageLinksTest","checkqueuepageLinksTest",""
"passed","Thu Jan 09 18:56:18 EST 2025","Thu Jan 09 18:56:19 EST 2025","1069","Suite","testng","testcases.StackPageTest","testcases.StackPageTest","checkStackPageLinksTest","checkStackPageLinksTest",""
"passed","Sun Jan 12 20:00:37 EST 2025","Sun Jan 12 20:00:38 EST 2025","1407","DsAlgo-testngsuite","FireFoxTest","testcases.QueuePageTest","testcases.QueuePageTest","checkqueuepageTryEditorLinksTest","checkqueuepageTryEditorLinksTest",""
"passed","Fri Jan 10 20:55:40 EST 2025","Fri Jan 10 20:55:42 EST 2025","1532","Surefire suite","Surefire test","testcases.QueuePageTest","testcases.QueuePageTest","checkqueuepageTryEditorLinkswithInvalidCodeTestforError","checkqueuepageTryEditorLinkswithInvalidCodeTestforError",""
"skipped","Sun Jan 12 19:50:30 EST 2025","Sun Jan 12 19:50:30 EST 2025","25","DsAlgo-testngsuite","ChromeTest","testcases.arraytest","testcases.arraytest","checkArrayPageLinksTest","checkArrayPageLinksTest",""
"passed","Fri Jan 10 10:50:39 EST 2025","Fri Jan 10 10:50:39 EST 2025","737","Default suite","Default test","testcases.StackPageTest","testcases.StackPageTest","checkStackPageLinksTest","checkStackPageLinksTest",""
"broken","Fri Jan 10 10:51:35 EST 2025","Fri Jan 10 10:51:37 EST 2025","1290","Default suite","Default test","testcases.StackPageTest","testcases.StackPageTest","checkStackPageTryEditorLinkswithInvalidCodeTest","checkStackPageTryEditorLinkswithInvalidCodeTest",""
"passed","Sun Jan 12 22:13:06 EST 2025","Sun Jan 12 22:13:08 EST 2025","1627","DsAlgo-testngsuite","ChromeTest","testcases.graphtest","testcases.graphtest","checkGraphPageTryEditorLinkswithValidCodeTest","checkGraphPageTryEditorLinkswithValidCodeTest",""
"passed","Fri Jan 10 20:55:57 EST 2025","Fri Jan 10 20:55:57 EST 2025","1","Surefire suite","Surefire test","testcases.QueuePageTest","testcases.QueuePageTest","checkqueuepageTryEditorLinkswithInvalidCodeTestforError","checkqueuepageTryEditorLinkswithInvalidCodeTestforError",""
"broken","Fri Jan 10 17:08:43 EST 2025","Fri Jan 10 17:08:43 EST 2025","1","DsAlgo-testngsuite","testng","testcases.HomePageTest","testcases.HomePageTest","InitialSetUp","InitialSetUp",""
"passed","Sun Jan 12 22:15:51 EST 2025","Sun Jan 12 22:15:53 EST 2025","1618","DsAlgo-testngsuite","EdgeTest","testcases.graphtest","testcases.graphtest","checkGraphPageTryEditorLinkswithValidCodeTest","checkGraphPageTryEditorLinkswithValidCodeTest",""
"skipped","Sun Jan 12 21:48:04 EST 2025","Sun Jan 12 21:48:04 EST 2025","1","DsAlgo-testngsuite","FireFoxTest","testcases.graphtest","testcases.graphtest","checkGraphPageTryEditorLinkswithNoScriptsTest","checkGraphPageTryEditorLinkswithNoScriptsTest",""
"passed","Sun Jan 12 22:13:18 EST 2025","Sun Jan 12 22:13:18 EST 2025","1","DsAlgo-testngsuite","ChromeTest","testcases.graphtest","testcases.graphtest","checkGraphPageTryEditorLinkswithValidCodeTest","checkGraphPageTryEditorLinkswithValidCodeTest",""
"passed","Fri Jan 10 20:58:52 EST 2025","Fri Jan 10 20:58:52 EST 2025","0","Surefire suite","Surefire test","testcases.StackPageTest","testcases.StackPageTest","checkStackPageTryEditorLinkswithValidCodeTest","checkStackPageTryEditorLinkswithValidCodeTest",""
"passed","Fri Jan 10 11:03:55 EST 2025","Fri Jan 10 11:03:57 EST 2025","1901","Default suite","Default test","testcases.StackPageTest","testcases.StackPageTest","checkStackPageTryEditorLinkswithInvalidCodeTestforError1","checkStackPageTryEditorLinkswithInvalidCodeTestforError1",""
"broken","Fri Jan 10 10:54:08 EST 2025","Fri Jan 10 10:54:09 EST 2025","1023","Default suite","Default test","testcases.StackPageTest","testcases.StackPageTest","checkStackPageTryEditorLinkswithInvalidCodeTestforError","checkStackPageTryEditorLinkswithInvalidCodeTestforError",""
"passed","Fri Jan 10 20:54:18 EST 2025","Fri Jan 10 20:54:19 EST 2025","329","Surefire suite","Surefire test","testcases.QueuePageTest","testcases.QueuePageTest","checkqueuepageLinksTest","checkqueuepageLinksTest",""
"skipped","Sun Jan 12 19:50:30 EST 2025","Sun Jan 12 19:50:30 EST 2025","0","DsAlgo-testngsuite","ChromeTest","testcases.dataStructuresIntroPage","testcases.dataStructuresIntroPage","checkListPageTryEditorLinkswithInvalidCodeTest","checkListPageTryEditorLinkswithInvalidCodeTest",""
"failed","Sun Jan 12 19:49:48 EST 2025","Sun Jan 12 19:49:59 EST 2025","11130","Default suite","Default test","testcases.StackPageTest","testcases.StackPageTest","checkStackPageLinksTest","checkStackPageLinksTest",""
"skipped","Fri Jan 10 16:59:37 EST 2025","Fri Jan 10 16:59:37 EST 2025","2","Default suite","Default test","testcases.QueuePageTest","testcases.QueuePageTest","checkqueuepageTryEditorLinkswithInvalidCodeTestforError","checkqueuepageTryEditorLinkswithInvalidCodeTestforError",""
"passed","Sun Jan 12 22:12:50 EST 2025","Sun Jan 12 22:12:52 EST 2025","1401","DsAlgo-testngsuite","ChromeTest","testcases.graphtest","testcases.graphtest","checkGraphPageTryEditorLinkswithNoScriptsTest","checkGraphPageTryEditorLinkswithNoScriptsTest",""
"passed","Fri Jan 10 10:51:25 EST 2025","Fri Jan 10 10:51:27 EST 2025","1681","Default suite","Default test","testcases.StackPageTest","testcases.StackPageTest","checkStackPageTryEditorLinkswithInvalidCodeTest","checkStackPageTryEditorLinkswithInvalidCodeTest",""
"broken","Sun Jan 12 20:31:32 EST 2025","Sun Jan 12 20:31:35 EST 2025","2636","DsAlgo-testngsuite","FireFoxTest","testcases.graphtest","testcases.graphtest","checkGraphPageTryEditorLinkswithInvalidCodeTestforError","checkGraphPageTryEditorLinkswithInvalidCodeTestforError",""
"skipped","Sun Jan 12 19:50:30 EST 2025","Sun Jan 12 19:50:30 EST 2025","1","DsAlgo-testngsuite","ChromeTest","testcases.ArrayPracticeTest$arraytest","testcases.ArrayPracticeTest$arraytest","checkArrayPracticePageTryEditorLinkswithInvalidCodeandClickSubmit","checkArrayPracticePageTryEditorLinkswithInvalidCodeandClickSubmit",""
"passed","Sun Jan 12 22:14:41 EST 2025","Sun Jan 12 22:14:41 EST 2025","1","DsAlgo-testngsuite","EdgeTest","testcases.graphtest","testcases.graphtest","checkGraphPageTryEditorLinkswithInvalidCodeTest","checkGraphPageTryEditorLinkswithInvalidCodeTest",""
"passed","Sun Jan 12 19:59:00 EST 2025","Sun Jan 12 19:59:02 EST 2025","2067","DsAlgo-testngsuite","ChromeTest","testcases.QueuePageTest","testcases.QueuePageTest","checkqueuepageTryEditorLinkswithValidCodeTest","checkqueuepageTryEditorLinkswithValidCodeTest",""
"passed","Sun Jan 12 20:02:13 EST 2025","Sun Jan 12 20:02:15 EST 2025","1978","DsAlgo-testngsuite","FireFoxTest","testcases.QueuePageTest","testcases.QueuePageTest","checkqueuepageTryEditorLinkswithInvalidCodeTestforError","checkqueuepageTryEditorLinkswithInvalidCodeTestforError",""
"skipped","Fri Jan 10 17:08:54 EST 2025","Fri Jan 10 17:08:54 EST 2025","2","DsAlgo-testngsuite","testng","testcases.QueuePageTest","testcases.QueuePageTest","checkqueuepageLinksTest","checkqueuepageLinksTest",""
"passed","Sun Jan 12 22:14:26 EST 2025","Sun Jan 12 22:14:26 EST 2025","1","DsAlgo-testngsuite","EdgeTest","testcases.graphtest","testcases.graphtest","checkGraphPageTryEditorLinkswithInvalidCodeTest","checkGraphPageTryEditorLinkswithInvalidCodeTest",""
"passed","Sun Jan 12 22:12:02 EST 2025","Sun Jan 12 22:12:03 EST 2025","1363","DsAlgo-testngsuite","ChromeTest","testcases.graphtest","testcases.graphtest","checkGraphPageTryEditorLinksTest","checkGraphPageTryEditorLinksTest",""
"passed","Fri Jan 10 20:32:02 EST 2025","Fri Jan 10 20:32:03 EST 2025","1611","DsAlgo-testngsuite","testng","testcases.StackPageTest","testcases.StackPageTest","checkStackPageTryEditorLinkswithInvalidCodeTest","checkStackPageTryEditorLinkswithInvalidCodeTest",""
"failed","Sun Jan 12 20:00:19 EST 2025","Sun Jan 12 20:00:30 EST 2025","10957","DsAlgo-testngsuite","FireFoxTest","testcases.QueuePageTest","testcases.QueuePageTest","checkqueuepageLinksTest","checkqueuepageLinksTest",""
"skipped","Sun Jan 12 19:50:30 EST 2025","Sun Jan 12 19:50:30 EST 2025","0","DsAlgo-testngsuite","ChromeTest","testcases.ArrayPracticeTest$arraytest","testcases.ArrayPracticeTest$arraytest","checkArrayPageTryEditorLinkswithValidCodeandClickSubmitBtn","checkArrayPageTryEditorLinkswithValidCodeandClickSubmitBtn",""
"skipped","Sun Jan 12 19:50:30 EST 2025","Sun Jan 12 19:50:30 EST 2025","0","DsAlgo-testngsuite","ChromeTest","testcases.StackPageTest","testcases.StackPageTest","checkStackPageTryEditorLinksTest","checkStackPageTryEditorLinksTest",""
"skipped","Sun Jan 12 19:50:30 EST 2025","Sun Jan 12 19:50:30 EST 2025","0","DsAlgo-testngsuite","ChromeTest","testcases.ArrayPracticeTest$arraytest","testcases.ArrayPracticeTest$arraytest","checkArrayPracticePageTryEditorLinkswithInvalidCodeandClickRun","checkArrayPracticePageTryEditorLinkswithInvalidCodeandClickRun",""
"passed","Fri Jan 10 20:54:56 EST 2025","Fri Jan 10 20:54:57 EST 2025","1028","Surefire suite","Surefire test","testcases.QueuePageTest","testcases.QueuePageTest","checkqueuepageTryEditorLinksTest","checkqueuepageTryEditorLinksTest",""
"passed","Fri Jan 10 20:55:20 EST 2025","Fri Jan 10 20:55:22 EST 2025","1346","Surefire suite","Surefire test","testcases.QueuePageTest","testcases.QueuePageTest","checkqueuepageTryEditorLinkswithInvalidCodeTest","checkqueuepageTryEditorLinkswithInvalidCodeTest",""
"passed","Sun Jan 12 20:31:12 EST 2025","Sun Jan 12 20:31:12 EST 2025","0","DsAlgo-testngsuite","FireFoxTest","testcases.graphtest","testcases.graphtest","checkGraphPageTryEditorLinkswithInvalidCodeTest","checkGraphPageTryEditorLinkswithInvalidCodeTest",""
"passed","Sun Jan 12 22:12:08 EST 2025","Sun Jan 12 22:12:10 EST 2025","1356","DsAlgo-testngsuite","ChromeTest","testcases.graphtest","testcases.graphtest","checkGraphPageTryEditorLinksTest","checkGraphPageTryEditorLinksTest",""
"skipped","Sun Jan 12 19:50:30 EST 2025","Sun Jan 12 19:50:30 EST 2025","0","DsAlgo-testngsuite","ChromeTest","testcases.StackPageTest","testcases.StackPageTest","checkStackPageTryEditorLinkswithInvalidCodeTestforError","checkStackPageTryEditorLinkswithInvalidCodeTestforError",""
"failed","Fri Jan 10 16:43:23 EST 2025","Fri Jan 10 16:43:34 EST 2025","10628","Default suite","Default test","testcases.StackPageTest","testcases.StackPageTest","checkStackPageLinksTest1","checkStackPageLinksTest1",""
"failed","Fri Jan 10 10:45:22 EST 2025","Fri Jan 10 10:45:33 EST 2025","10553","Default suite","Default test","testcases.StackPageTest","testcases.StackPageTest","checkStackPageLinksTest","checkStackPageLinksTest",""
"passed","Sun Jan 12 19:57:03 EST 2025","Sun Jan 12 19:57:05 EST 2025","1513","DsAlgo-testngsuite","ChromeTest","testcases.QueuePageTest","testcases.QueuePageTest","checkqueuepageTryEditorLinkswithInvalidCodeTest","checkqueuepageTryEditorLinkswithInvalidCodeTest",""
"passed","Sun Jan 12 19:56:21 EST 2025","Sun Jan 12 19:56:23 EST 2025","1548","DsAlgo-testngsuite","ChromeTest","testcases.QueuePageTest","testcases.QueuePageTest","checkqueuepageTryEditorLinksTest","checkqueuepageTryEditorLinksTest",""
"passed","Fri Jan 10 20:31:04 EST 2025","Fri Jan 10 20:31:05 EST 2025","620","DsAlgo-testngsuite","testng","testcases.StackPageTest","testcases.StackPageTest","checkStackPageLinksTest","checkStackPageLinksTest",""
"passed","Sun Jan 12 20:00:06 EST 2025","Sun Jan 12 20:00:06 EST 2025","539","DsAlgo-testngsuite","FireFoxTest","testcases.QueuePageTest","testcases.QueuePageTest","checkqueuepageLinksTest","checkqueuepageLinksTest",""
"broken","Sun Jan 12 22:00:42 EST 2025","Sun Jan 12 22:00:42 EST 2025","513","DsAlgo-testngsuite","FireFoxTest","testcases.graphtest","testcases.graphtest","checkGraphPageTryEditorLinksTest","checkGraphPageTryEditorLinksTest",""
"passed","Sun Jan 12 19:22:57 EST 2025","Sun Jan 12 19:22:59 EST 2025","2359","Default suite","Default test","testcases.StackPageTest","testcases.StackPageTest","checkStackPageTryEditorLinkswithInvalidCodeTestforError","checkStackPageTryEditorLinkswithInvalidCodeTestforError",""
"passed","Thu Jan 09 18:56:40 EST 2025","Thu Jan 09 18:56:41 EST 2025","862","Suite","testng","testcases.StackPageTest","testcases.StackPageTest","checkStackPageTryEditorLinksTest","checkStackPageTryEditorLinksTest",""
"passed","Sun Jan 12 19:57:28 EST 2025","Sun Jan 12 19:57:30 EST 2025","1738","DsAlgo-testngsuite","ChromeTest","testcases.QueuePageTest","testcases.QueuePageTest","checkqueuepageTryEditorLinkswithInvalidCodeTestforError","checkqueuepageTryEditorLinkswithInvalidCodeTestforError",""
"passed","Sun Jan 12 19:58:53 EST 2025","Sun Jan 12 19:58:53 EST 2025","2","DsAlgo-testngsuite","ChromeTest","testcases.QueuePageTest","testcases.QueuePageTest","checkqueuepageTryEditorLinkswithNoScriptsTest","checkqueuepageTryEditorLinkswithNoScriptsTest",""
"skipped","Fri Jan 10 16:59:37 EST 2025","Fri Jan 10 16:59:37 EST 2025","2","Default suite","Default test","testcases.QueuePageTest","testcases.QueuePageTest","checkqueuepageTryEditorLinkswithInvalidCodeTest","checkqueuepageTryEditorLinkswithInvalidCodeTest",""
"skipped","Fri Jan 10 16:59:37 EST 2025","Fri Jan 10 16:59:37 EST 2025","2","Default suite","Default test","testcases.QueuePageTest","testcases.QueuePageTest","checkqueuepageTryEditorLinksTest","checkqueuepageTryEditorLinksTest",""
"passed","Sun Jan 12 20:02:56 EST 2025","Sun Jan 12 20:02:58 EST 2025","2179","DsAlgo-testngsuite","FireFoxTest","testcases.QueuePageTest","testcases.QueuePageTest","checkqueuepageTryEditorLinkswithNoScriptsTest","checkqueuepageTryEditorLinkswithNoScriptsTest",""
"broken","Thu Jan 09 19:08:51 EST 2025","Thu Jan 09 19:08:52 EST 2025","1187","Default suite","Default test","testcases.StackPageTest","testcases.StackPageTest","checkStackPageTryEditorLinkswithInvalidCodeTest","checkStackPageTryEditorLinkswithInvalidCodeTest",""
"passed","Fri Jan 10 20:56:21 EST 2025","Fri Jan 10 20:56:21 EST 2025","1","Surefire suite","Surefire test","testcases.QueuePageTest","testcases.QueuePageTest","checkqueuepageTryEditorLinkswithNoScriptsTest","checkqueuepageTryEditorLinkswithNoScriptsTest",""
"passed","Sun Jan 12 22:13:12 EST 2025","Sun Jan 12 22:13:14 EST 2025","1522","DsAlgo-testngsuite","ChromeTest","testcases.graphtest","testcases.graphtest","checkGraphPageTryEditorLinkswithValidCodeTest","checkGraphPageTryEditorLinkswithValidCodeTest",""
"passed","Sun Jan 12 20:32:00 EST 2025","Sun Jan 12 20:32:02 EST 2025","1664","DsAlgo-testngsuite","FireFoxTest","testcases.graphtest","testcases.graphtest","checkGraphPageTryEditorLinkswithNoScriptsTest","checkGraphPageTryEditorLinkswithNoScriptsTest",""
"skipped","Sun Jan 12 19:50:30 EST 2025","Sun Jan 12 19:50:30 EST 2025","0","DsAlgo-testngsuite","ChromeTest","testcases.arraytest","testcases.arraytest","checkArrayPageTryEditorLinkswithValidCodeTest","checkArrayPageTryEditorLinkswithValidCodeTest",""
"skipped","Sun Jan 12 20:30:17 EST 2025","Sun Jan 12 20:30:17 EST 2025","0","DsAlgo-testngsuite","ChromeTest","testcases.graphtest","testcases.graphtest","checkGraphPageTryEditorLinksTest","checkGraphPageTryEditorLinksTest",""
"passed","Sun Jan 12 22:12:14 EST 2025","Sun Jan 12 22:12:14 EST 2025","1","DsAlgo-testngsuite","ChromeTest","testcases.graphtest","testcases.graphtest","checkGraphPageTryEditorLinksTest","checkGraphPageTryEditorLinksTest",""
"passed","Sun Jan 12 19:58:33 EST 2025","Sun Jan 12 19:58:34 EST 2025","1772","DsAlgo-testngsuite","ChromeTest","testcases.QueuePageTest","testcases.QueuePageTest","checkqueuepageTryEditorLinkswithNoScriptsTest","checkqueuepageTryEditorLinkswithNoScriptsTest",""
"skipped","Sun Jan 12 21:48:04 EST 2025","Sun Jan 12 21:48:04 EST 2025","1","DsAlgo-testngsuite","FireFoxTest","testcases.graphtest","testcases.graphtest","checkGraphPageTryEditorLinkswithValidCodeTest","checkGraphPageTryEditorLinkswithValidCodeTest",""
"passed","Fri Jan 10 10:53:20 EST 2025","Fri Jan 10 10:53:21 EST 2025","1252","Default suite","Default test","testcases.StackPageTest","testcases.StackPageTest","checkStackPageTryEditorLinksTest","checkStackPageTryEditorLinksTest",""
"skipped","Fri Jan 10 16:59:37 EST 2025","Fri Jan 10 16:59:37 EST 2025","0","Default suite","Default test","testcases.QueuePageTest","testcases.QueuePageTest","checkqueuepageTryEditorLinkswithValidCodeTest","checkqueuepageTryEditorLinkswithValidCodeTest",""
